query,label,rank
"ACI Worldwide, Inc. Sustainability Report 2023 filetype:pdf site:aciworldwide.com",0.0,1
"ACI Worldwide, Inc. Sustainability Report 2023 filetype:pdf site:aciworldwide.com",1.0,2
"ACI Worldwide, Inc. Sustainability Report 2023 filetype:pdf site:aciworldwide.com",0.0,3
"ACI Worldwide, Inc. Sustainability Report 2023 filetype:pdf site:aciworldwide.com",0.0,4
"ACI Worldwide, Inc. Sustainability Report 2023 filetype:pdf site:aciworldwide.com",0.0,5
"ACI Worldwide, Inc. Sustainability Report 2023 filetype:pdf site:aciworldwide.com",0.0,6
"ACI Worldwide, Inc. Sustainability Report 2023 filetype:pdf site:aciworldwide.com",0.0,7
"ACI Worldwide, Inc. Sustainability Report 2023 filetype:pdf site:aciworldwide.com",0.0,8
"ACI Worldwide, Inc. Sustainability Report 2023 filetype:pdf site:aciworldwide.com",0.0,9
"ACI Worldwide, Inc. Sustainability Report 2023 filetype:pdf site:aciworldwide.com",0.0,10
"ACI Worldwide, Inc. Sustainability Report 2023 filetype:pdf site:investor.aciworldwide.com",0.0,1
"ACI Worldwide, Inc. Sustainability Report 2023 filetype:pdf site:investor.aciworldwide.com",0.0,2
"ACI Worldwide, Inc. Sustainability Report 2023 filetype:pdf site:investor.aciworldwide.com",0.0,3
"ACI Worldwide, Inc. Sustainability Report 2023 filetype:pdf site:investor.aciworldwide.com",0.0,4
"ACI Worldwide, Inc. Sustainability Report 2023 filetype:pdf site:investor.aciworldwide.com",0.0,5
"ACI Worldwide, Inc. Sustainability Report 2023 filetype:pdf site:investor.aciworldwide.com",0.0,6
"ACI Worldwide, Inc. Sustainability Report 2023 filetype:pdf site:investor.aciworldwide.com",0.0,7
"ACI Worldwide, Inc. Sustainability Report 2023 filetype:pdf site:investor.aciworldwide.com",0.0,8
"ACI Worldwide, Inc. Sustainability Report 2023 filetype:pdf site:investor.aciworldwide.com",0.0,9
"ACI Worldwide, Inc. Sustainability Report 2023 filetype:pdf site:investor.aciworldwide.com",0.0,10
AMMB Holdings Bhd. Sustainability Report 2023 filetype:pdf site:ambankgroup.com,0.0,1
AMMB Holdings Bhd. Sustainability Report 2023 filetype:pdf site:ambankgroup.com,0.0,2
AMMB Holdings Bhd. Sustainability Report 2023 filetype:pdf site:ambankgroup.com,0.0,3
AMMB Holdings Bhd. Sustainability Report 2023 filetype:pdf site:ambankgroup.com,0.0,4
AMMB Holdings Bhd. Sustainability Report 2023 filetype:pdf site:ambankgroup.com,0.0,5
AMMB Holdings Bhd. Sustainability Report 2023 filetype:pdf site:ambankgroup.com,0.0,6
AMMB Holdings Bhd. Sustainability Report 2023 filetype:pdf site:ambankgroup.com,0.0,7
AMMB Holdings Bhd. Sustainability Report 2023 filetype:pdf site:ambankgroup.com,0.0,8
AMMB Holdings Bhd. Sustainability Report 2023 filetype:pdf site:ambankgroup.com,0.0,9
AMMB Holdings Bhd. Sustainability Report 2023 filetype:pdf site:ambankgroup.com,0.0,10
"Alico, Inc. Sustainability Report 2023 filetype:pdf site:cloudfront.net",0.0,1
"Alico, Inc. Sustainability Report 2023 filetype:pdf site:cloudfront.net",0.0,2
"Alico, Inc. Sustainability Report 2023 filetype:pdf site:cloudfront.net",0.0,3
"Alico, Inc. Sustainability Report 2023 filetype:pdf site:cloudfront.net",0.0,4
"Alico, Inc. Sustainability Report 2023 filetype:pdf site:cloudfront.net",0.0,5
"Alico, Inc. Sustainability Report 2023 filetype:pdf site:cloudfront.net",0.0,6
"Alico, Inc. Sustainability Report 2023 filetype:pdf site:cloudfront.net",0.0,7
"Alico, Inc. Sustainability Report 2023 filetype:pdf site:cloudfront.net",0.0,8
"Alico, Inc. Sustainability Report 2023 filetype:pdf site:cloudfront.net",0.0,9
"Alico, Inc. Sustainability Report 2023 filetype:pdf site:cloudfront.net",1.0,10
"Alico, Inc. Sustainability Report 2023 filetype:pdf site:ir.alicoinc.com",0.0,1
"Alico, Inc. Sustainability Report 2023 filetype:pdf site:ir.alicoinc.com",0.0,2
"Alico, Inc. Sustainability Report 2023 filetype:pdf site:ir.alicoinc.com",0.0,3
"Alico, Inc. Sustainability Report 2023 filetype:pdf site:ir.alicoinc.com",0.0,4
"Alico, Inc. Sustainability Report 2023 filetype:pdf site:ir.alicoinc.com",0.0,5
"Alico, Inc. Sustainability Report 2023 filetype:pdf site:ir.alicoinc.com",0.0,6
"Alico, Inc. Sustainability Report 2023 filetype:pdf site:ir.alicoinc.com",0.0,7
"Alico, Inc. Sustainability Report 2023 filetype:pdf site:ir.alicoinc.com",0.0,8
"Alico, Inc. Sustainability Report 2023 filetype:pdf site:ir.alicoinc.com",0.0,9
"Alico, Inc. Sustainability Report 2023 filetype:pdf site:ir.alicoinc.com",0.0,10
"Aspen Technology, Inc. Sustainability Report 2023 filetype:pdf site:aspentech.com",0.0,1
"Aspen Technology, Inc. Sustainability Report 2023 filetype:pdf site:aspentech.com",0.0,2
"Aspen Technology, Inc. Sustainability Report 2023 filetype:pdf site:aspentech.com",0.0,3
"Aspen Technology, Inc. Sustainability Report 2023 filetype:pdf site:aspentech.com",0.0,4
"Aspen Technology, Inc. Sustainability Report 2023 filetype:pdf site:aspentech.com",0.0,5
"Aspen Technology, Inc. Sustainability Report 2023 filetype:pdf site:aspentech.com",0.0,6
"Aspen Technology, Inc. Sustainability Report 2023 filetype:pdf site:aspentech.com",0.0,7
"Aspen Technology, Inc. Sustainability Report 2023 filetype:pdf site:aspentech.com",0.0,8
"Aspen Technology, Inc. Sustainability Report 2023 filetype:pdf site:aspentech.com",0.0,9
"Aspen Technology, Inc. Sustainability Report 2023 filetype:pdf site:aspentech.com",0.0,10
"Aspen Technology, Inc. Sustainability Report 2023 filetype:pdf site:ir.aspentech.com",0.0,1
"Aspen Technology, Inc. Sustainability Report 2023 filetype:pdf site:ir.aspentech.com",0.0,2
"Aspen Technology, Inc. Sustainability Report 2023 filetype:pdf site:ir.aspentech.com",0.0,3
"Aspen Technology, Inc. Sustainability Report 2023 filetype:pdf site:ir.aspentech.com",0.0,4
"Aspen Technology, Inc. Sustainability Report 2023 filetype:pdf site:ir.aspentech.com",0.0,5
"Aspen Technology, Inc. Sustainability Report 2023 filetype:pdf site:ir.aspentech.com",0.0,6
"Aspen Technology, Inc. Sustainability Report 2023 filetype:pdf site:ir.aspentech.com",0.0,7
"Aspen Technology, Inc. Sustainability Report 2023 filetype:pdf site:ir.aspentech.com",0.0,8
"Aspen Technology, Inc. Sustainability Report 2023 filetype:pdf site:ir.aspentech.com",0.0,9
"Aspen Technology, Inc. Sustainability Report 2023 filetype:pdf site:ir.aspentech.com",0.0,10
"Autodesk, Inc. Sustainability Report 2023 filetype:pdf site:autodesk.com",0.0,1
"Autodesk, Inc. Sustainability Report 2023 filetype:pdf site:autodesk.com",0.0,2
"Autodesk, Inc. Sustainability Report 2023 filetype:pdf site:autodesk.com",0.0,3
"Autodesk, Inc. Sustainability Report 2023 filetype:pdf site:autodesk.com",0.0,4
"Autodesk, Inc. Sustainability Report 2023 filetype:pdf site:autodesk.com",0.0,5
"Autodesk, Inc. Sustainability Report 2023 filetype:pdf site:autodesk.com",0.0,6
"Autodesk, Inc. Sustainability Report 2023 filetype:pdf site:autodesk.com",0.0,7
"Autodesk, Inc. Sustainability Report 2023 filetype:pdf site:autodesk.com",0.0,8
"Autodesk, Inc. Sustainability Report 2023 filetype:pdf site:autodesk.com",0.0,9
"Autodesk, Inc. Sustainability Report 2023 filetype:pdf site:autodesk.com",0.0,10
"Autodesk, Inc. Sustainability Report 2023 filetype:pdf site:investors.autodesk.com",0.0,1
"Autodesk, Inc. Sustainability Report 2023 filetype:pdf site:investors.autodesk.com",0.0,2
"Autodesk, Inc. Sustainability Report 2023 filetype:pdf site:investors.autodesk.com",0.0,3
"Autodesk, Inc. Sustainability Report 2023 filetype:pdf site:investors.autodesk.com",0.0,4
"Autodesk, Inc. Sustainability Report 2023 filetype:pdf site:investors.autodesk.com",0.0,5
"Autodesk, Inc. Sustainability Report 2023 filetype:pdf site:investors.autodesk.com",0.0,6
"Autodesk, Inc. Sustainability Report 2023 filetype:pdf site:investors.autodesk.com",0.0,7
"Autodesk, Inc. Sustainability Report 2023 filetype:pdf site:investors.autodesk.com",0.0,8
"Autodesk, Inc. Sustainability Report 2023 filetype:pdf site:investors.autodesk.com",0.0,9
"Autodesk, Inc. Sustainability Report 2023 filetype:pdf site:investors.autodesk.com",0.0,10
CNA Financial Corp. Sustainability Report 2023 filetype:pdf site:cloudfront.net,0.0,1
CNA Financial Corp. Sustainability Report 2023 filetype:pdf site:cloudfront.net,0.0,2
CNA Financial Corp. Sustainability Report 2023 filetype:pdf site:cloudfront.net,0.0,3
CNA Financial Corp. Sustainability Report 2023 filetype:pdf site:cloudfront.net,0.0,4
CNA Financial Corp. Sustainability Report 2023 filetype:pdf site:cloudfront.net,0.0,5
CNA Financial Corp. Sustainability Report 2023 filetype:pdf site:cloudfront.net,0.0,6
CNA Financial Corp. Sustainability Report 2023 filetype:pdf site:cloudfront.net,0.0,7
CNA Financial Corp. Sustainability Report 2023 filetype:pdf site:cloudfront.net,0.0,8
CNA Financial Corp. Sustainability Report 2023 filetype:pdf site:cloudfront.net,0.0,9
CNA Financial Corp. Sustainability Report 2023 filetype:pdf site:cloudfront.net,0.0,10
CNA Financial Corp. Sustainability Report 2023 filetype:pdf site:cna.com,0.0,1
CNA Financial Corp. Sustainability Report 2023 filetype:pdf site:cna.com,0.0,2
CNA Financial Corp. Sustainability Report 2023 filetype:pdf site:cna.com,0.0,3
CNA Financial Corp. Sustainability Report 2023 filetype:pdf site:cna.com,0.0,4
CNA Financial Corp. Sustainability Report 2023 filetype:pdf site:cna.com,0.0,5
CNA Financial Corp. Sustainability Report 2023 filetype:pdf site:cna.com,0.0,6
CNA Financial Corp. Sustainability Report 2023 filetype:pdf site:cna.com,0.0,7
CNA Financial Corp. Sustainability Report 2023 filetype:pdf site:cna.com,0.0,8
CNA Financial Corp. Sustainability Report 2023 filetype:pdf site:cna.com,0.0,9
CNA Financial Corp. Sustainability Report 2023 filetype:pdf site:cna.com,0.0,10
CNA Financial Corp. Sustainability Report 2023 filetype:pdf site:q4cdn.com,0.0,1
CNA Financial Corp. Sustainability Report 2023 filetype:pdf site:q4cdn.com,0.0,2
CNA Financial Corp. Sustainability Report 2023 filetype:pdf site:q4cdn.com,0.0,3
CNA Financial Corp. Sustainability Report 2023 filetype:pdf site:q4cdn.com,0.0,4
CNA Financial Corp. Sustainability Report 2023 filetype:pdf site:q4cdn.com,0.0,5
CNA Financial Corp. Sustainability Report 2023 filetype:pdf site:q4cdn.com,0.0,6
CNA Financial Corp. Sustainability Report 2023 filetype:pdf site:q4cdn.com,0.0,7
CNA Financial Corp. Sustainability Report 2023 filetype:pdf site:q4cdn.com,0.0,8
CNA Financial Corp. Sustainability Report 2023 filetype:pdf site:q4cdn.com,1.0,9
CNA Financial Corp. Sustainability Report 2023 filetype:pdf site:q4cdn.com,0.0,10
CalAmp Corp. Sustainability Report 2023 filetype:pdf site:calamp.com,0.0,1
CalAmp Corp. Sustainability Report 2023 filetype:pdf site:calamp.com,1.0,2
CalAmp Corp. Sustainability Report 2023 filetype:pdf site:calamp.com,0.0,3
CalAmp Corp. Sustainability Report 2023 filetype:pdf site:calamp.com,0.0,4
CalAmp Corp. Sustainability Report 2023 filetype:pdf site:calamp.com,0.0,5
CalAmp Corp. Sustainability Report 2023 filetype:pdf site:calamp.com,0.0,6
CalAmp Corp. Sustainability Report 2023 filetype:pdf site:calamp.com,0.0,7
CalAmp Corp. Sustainability Report 2023 filetype:pdf site:calamp.com,0.0,8
CalAmp Corp. Sustainability Report 2023 filetype:pdf site:calamp.com,0.0,9
CalAmp Corp. Sustainability Report 2023 filetype:pdf site:calamp.com,0.0,10
CalAmp Corp. Sustainability Report 2023 filetype:pdf site:investor.calamp.com,0.0,1
CalAmp Corp. Sustainability Report 2023 filetype:pdf site:investor.calamp.com,0.0,2
CalAmp Corp. Sustainability Report 2023 filetype:pdf site:investor.calamp.com,0.0,3
CalAmp Corp. Sustainability Report 2023 filetype:pdf site:investor.calamp.com,0.0,4
CalAmp Corp. Sustainability Report 2023 filetype:pdf site:investor.calamp.com,0.0,5
CalAmp Corp. Sustainability Report 2023 filetype:pdf site:investor.calamp.com,0.0,6
CalAmp Corp. Sustainability Report 2023 filetype:pdf site:investor.calamp.com,0.0,7
CalAmp Corp. Sustainability Report 2023 filetype:pdf site:investor.calamp.com,0.0,8
CalAmp Corp. Sustainability Report 2023 filetype:pdf site:investor.calamp.com,0.0,9
CalAmp Corp. Sustainability Report 2023 filetype:pdf site:investor.calamp.com,0.0,10
"Calbee, Inc. Sustainability Report 2023 filetype:pdf site:calbee.co.jp",0.0,1
"Calbee, Inc. Sustainability Report 2023 filetype:pdf site:calbee.co.jp",0.0,2
"Calbee, Inc. Sustainability Report 2023 filetype:pdf site:calbee.co.jp",1.0,3
"Calbee, Inc. Sustainability Report 2023 filetype:pdf site:calbee.co.jp",0.0,4
"Calbee, Inc. Sustainability Report 2023 filetype:pdf site:calbee.co.jp",0.0,5
"Calbee, Inc. Sustainability Report 2023 filetype:pdf site:calbee.co.jp",0.0,6
"Calbee, Inc. Sustainability Report 2023 filetype:pdf site:calbee.co.jp",0.0,7
"Calbee, Inc. Sustainability Report 2023 filetype:pdf site:calbee.co.jp",0.0,8
"Calbee, Inc. Sustainability Report 2023 filetype:pdf site:calbee.co.jp",0.0,9
"Calbee, Inc. Sustainability Report 2023 filetype:pdf site:calbee.co.jp",0.0,10
Chesapeake Utilities Corp. Sustainability Report 2023 filetype:pdf site:chpk.com,0.0,1
Chesapeake Utilities Corp. Sustainability Report 2023 filetype:pdf site:chpk.com,0.0,2
Chesapeake Utilities Corp. Sustainability Report 2023 filetype:pdf site:chpk.com,0.0,3
Chesapeake Utilities Corp. Sustainability Report 2023 filetype:pdf site:chpk.com,1.0,4
Chesapeake Utilities Corp. Sustainability Report 2023 filetype:pdf site:chpk.com,0.0,5
Chesapeake Utilities Corp. Sustainability Report 2023 filetype:pdf site:chpk.com,0.0,6
Chesapeake Utilities Corp. Sustainability Report 2023 filetype:pdf site:chpk.com,0.0,7
Chesapeake Utilities Corp. Sustainability Report 2023 filetype:pdf site:chpk.com,0.0,8
Chesapeake Utilities Corp. Sustainability Report 2023 filetype:pdf site:chpk.com,0.0,9
Chesapeake Utilities Corp. Sustainability Report 2023 filetype:pdf site:chpk.com,0.0,10
Chesapeake Utilities Corp. Sustainability Report 2023 filetype:pdf site:investor.chpk.com,0.0,1
Chesapeake Utilities Corp. Sustainability Report 2023 filetype:pdf site:investor.chpk.com,0.0,2
Chesapeake Utilities Corp. Sustainability Report 2023 filetype:pdf site:investor.chpk.com,0.0,3
Chesapeake Utilities Corp. Sustainability Report 2023 filetype:pdf site:investor.chpk.com,0.0,4
Chesapeake Utilities Corp. Sustainability Report 2023 filetype:pdf site:investor.chpk.com,0.0,5
Chesapeake Utilities Corp. Sustainability Report 2023 filetype:pdf site:investor.chpk.com,0.0,6
Chesapeake Utilities Corp. Sustainability Report 2023 filetype:pdf site:investor.chpk.com,0.0,7
Chesapeake Utilities Corp. Sustainability Report 2023 filetype:pdf site:investor.chpk.com,0.0,8
Chesapeake Utilities Corp. Sustainability Report 2023 filetype:pdf site:investor.chpk.com,0.0,9
Chesapeake Utilities Corp. Sustainability Report 2023 filetype:pdf site:investor.chpk.com,0.0,10
"Digi International, Inc. Sustainability Report 2023 filetype:pdf site:digi.gcs-web.com",0.0,1
"Digi International, Inc. Sustainability Report 2023 filetype:pdf site:digi.gcs-web.com",0.0,2
"Digi International, Inc. Sustainability Report 2023 filetype:pdf site:digi.gcs-web.com",0.0,3
"Digi International, Inc. Sustainability Report 2023 filetype:pdf site:digi.gcs-web.com",0.0,4
"Digi International, Inc. Sustainability Report 2023 filetype:pdf site:digi.gcs-web.com",0.0,5
"Digi International, Inc. Sustainability Report 2023 filetype:pdf site:digi.gcs-web.com",0.0,6
"Digi International, Inc. Sustainability Report 2023 filetype:pdf site:digi.gcs-web.com",0.0,7
"Digi International, Inc. Sustainability Report 2023 filetype:pdf site:digi.gcs-web.com",0.0,8
"Digi International, Inc. Sustainability Report 2023 filetype:pdf site:digi.gcs-web.com",0.0,9
"Digi International, Inc. Sustainability Report 2023 filetype:pdf site:digi.gcs-web.com",0.0,10
"Dillard's, Inc. Sustainability Report 2023 filetype:pdf site:cloudfront.net",0.0,1
"Dillard's, Inc. Sustainability Report 2023 filetype:pdf site:cloudfront.net",0.0,2
"Dillard's, Inc. Sustainability Report 2023 filetype:pdf site:cloudfront.net",0.0,3
"Dillard's, Inc. Sustainability Report 2023 filetype:pdf site:cloudfront.net",0.0,4
"Dillard's, Inc. Sustainability Report 2023 filetype:pdf site:cloudfront.net",0.0,5
"Dillard's, Inc. Sustainability Report 2023 filetype:pdf site:cloudfront.net",0.0,6
"Dillard's, Inc. Sustainability Report 2023 filetype:pdf site:cloudfront.net",0.0,7
"Dillard's, Inc. Sustainability Report 2023 filetype:pdf site:cloudfront.net",0.0,8
"Dillard's, Inc. Sustainability Report 2023 filetype:pdf site:cloudfront.net",0.0,9
"Dillard's, Inc. Sustainability Report 2023 filetype:pdf site:cloudfront.net",0.0,10
"Dillard's, Inc. Sustainability Report 2023 filetype:pdf site:q4cdn.com",0.0,1
"Dillard's, Inc. Sustainability Report 2023 filetype:pdf site:q4cdn.com",0.0,2
"Dillard's, Inc. Sustainability Report 2023 filetype:pdf site:q4cdn.com",0.0,3
"Dillard's, Inc. Sustainability Report 2023 filetype:pdf site:q4cdn.com",0.0,4
"Dillard's, Inc. Sustainability Report 2023 filetype:pdf site:q4cdn.com",0.0,5
"Dillard's, Inc. Sustainability Report 2023 filetype:pdf site:q4cdn.com",0.0,6
"Dillard's, Inc. Sustainability Report 2023 filetype:pdf site:q4cdn.com",0.0,7
"Dillard's, Inc. Sustainability Report 2023 filetype:pdf site:q4cdn.com",0.0,8
"Dillard's, Inc. Sustainability Report 2023 filetype:pdf site:q4cdn.com",0.0,9
"Dillard's, Inc. Sustainability Report 2023 filetype:pdf site:q4cdn.com",0.0,10
"Duluth Holdings, Inc. Sustainability Report 2023 filetype:pdf site:ir.duluthtrading.com",0.0,1
"Duluth Holdings, Inc. Sustainability Report 2023 filetype:pdf site:ir.duluthtrading.com",0.0,2
"Duluth Holdings, Inc. Sustainability Report 2023 filetype:pdf site:ir.duluthtrading.com",0.0,3
"Duluth Holdings, Inc. Sustainability Report 2023 filetype:pdf site:ir.duluthtrading.com",0.0,4
"Duluth Holdings, Inc. Sustainability Report 2023 filetype:pdf site:ir.duluthtrading.com",0.0,5
"Duluth Holdings, Inc. Sustainability Report 2023 filetype:pdf site:ir.duluthtrading.com",0.0,6
"Duluth Holdings, Inc. Sustainability Report 2023 filetype:pdf site:ir.duluthtrading.com",0.0,7
"Duluth Holdings, Inc. Sustainability Report 2023 filetype:pdf site:ir.duluthtrading.com",0.0,8
"Duluth Holdings, Inc. Sustainability Report 2023 filetype:pdf site:ir.duluthtrading.com",0.0,9
"Duluth Holdings, Inc. Sustainability Report 2023 filetype:pdf site:ir.duluthtrading.com",0.0,10
"Eagle Materials, Inc. Sustainability Report 2023 filetype:pdf site:eaglematerials.com",0.0,1
"Eagle Materials, Inc. Sustainability Report 2023 filetype:pdf site:eaglematerials.com",0.0,2
"Eagle Materials, Inc. Sustainability Report 2023 filetype:pdf site:eaglematerials.com",0.0,3
"Eagle Materials, Inc. Sustainability Report 2023 filetype:pdf site:eaglematerials.com",0.0,4
"Eagle Materials, Inc. Sustainability Report 2023 filetype:pdf site:eaglematerials.com",0.0,5
"Eagle Materials, Inc. Sustainability Report 2023 filetype:pdf site:eaglematerials.com",0.0,6
"Eagle Materials, Inc. Sustainability Report 2023 filetype:pdf site:eaglematerials.com",0.0,7
"Eagle Materials, Inc. Sustainability Report 2023 filetype:pdf site:eaglematerials.com",0.0,8
"Eagle Materials, Inc. Sustainability Report 2023 filetype:pdf site:eaglematerials.com",0.0,9
"Eagle Materials, Inc. Sustainability Report 2023 filetype:pdf site:eaglematerials.com",0.0,10
"Eagle Materials, Inc. Sustainability Report 2023 filetype:pdf site:ir.eaglematerials.com",0.0,1
"Eagle Materials, Inc. Sustainability Report 2023 filetype:pdf site:ir.eaglematerials.com",0.0,2
"Eagle Materials, Inc. Sustainability Report 2023 filetype:pdf site:ir.eaglematerials.com",0.0,3
"Eagle Materials, Inc. Sustainability Report 2023 filetype:pdf site:ir.eaglematerials.com",0.0,4
"Eagle Materials, Inc. Sustainability Report 2023 filetype:pdf site:ir.eaglematerials.com",0.0,5
"Eagle Materials, Inc. Sustainability Report 2023 filetype:pdf site:ir.eaglematerials.com",0.0,6
"Eagle Materials, Inc. Sustainability Report 2023 filetype:pdf site:ir.eaglematerials.com",0.0,7
"Eagle Materials, Inc. Sustainability Report 2023 filetype:pdf site:ir.eaglematerials.com",0.0,8
"Eagle Materials, Inc. Sustainability Report 2023 filetype:pdf site:ir.eaglematerials.com",0.0,9
"Eagle Materials, Inc. Sustainability Report 2023 filetype:pdf site:ir.eaglematerials.com",0.0,10
"Envestnet, Inc. Sustainability Report 2023 filetype:pdf site:envestnet.com",0.0,1
"Envestnet, Inc. Sustainability Report 2023 filetype:pdf site:envestnet.com",0.0,2
"Envestnet, Inc. Sustainability Report 2023 filetype:pdf site:envestnet.com",0.0,3
"Envestnet, Inc. Sustainability Report 2023 filetype:pdf site:envestnet.com",0.0,4
"Envestnet, Inc. Sustainability Report 2023 filetype:pdf site:envestnet.com",0.0,5
"Envestnet, Inc. Sustainability Report 2023 filetype:pdf site:envestnet.com",0.0,6
"Envestnet, Inc. Sustainability Report 2023 filetype:pdf site:envestnet.com",0.0,7
"Envestnet, Inc. Sustainability Report 2023 filetype:pdf site:envestnet.com",0.0,8
"Envestnet, Inc. Sustainability Report 2023 filetype:pdf site:envestnet.com",0.0,9
"Envestnet, Inc. Sustainability Report 2023 filetype:pdf site:envestnet.com",1.0,10
"Envestnet, Inc. Sustainability Report 2023 filetype:pdf site:investor.envestnet.com",0.0,1
"Envestnet, Inc. Sustainability Report 2023 filetype:pdf site:investor.envestnet.com",0.0,2
"Envestnet, Inc. Sustainability Report 2023 filetype:pdf site:investor.envestnet.com",0.0,3
"Envestnet, Inc. Sustainability Report 2023 filetype:pdf site:investor.envestnet.com",0.0,4
"Envestnet, Inc. Sustainability Report 2023 filetype:pdf site:investor.envestnet.com",0.0,5
"Envestnet, Inc. Sustainability Report 2023 filetype:pdf site:investor.envestnet.com",0.0,6
"Envestnet, Inc. Sustainability Report 2023 filetype:pdf site:investor.envestnet.com",0.0,7
"Envestnet, Inc. Sustainability Report 2023 filetype:pdf site:investor.envestnet.com",0.0,8
"Envestnet, Inc. Sustainability Report 2023 filetype:pdf site:investor.envestnet.com",0.0,9
"Envestnet, Inc. Sustainability Report 2023 filetype:pdf site:investor.envestnet.com",0.0,10
Exelon Corp. Sustainability Report 2023 filetype:pdf site:exeloncorp.com,0.0,1
Exelon Corp. Sustainability Report 2023 filetype:pdf site:exeloncorp.com,0.0,2
Exelon Corp. Sustainability Report 2023 filetype:pdf site:exeloncorp.com,0.0,3
Exelon Corp. Sustainability Report 2023 filetype:pdf site:exeloncorp.com,0.0,4
Exelon Corp. Sustainability Report 2023 filetype:pdf site:exeloncorp.com,0.0,5
Exelon Corp. Sustainability Report 2023 filetype:pdf site:exeloncorp.com,0.0,6
Exelon Corp. Sustainability Report 2023 filetype:pdf site:exeloncorp.com,0.0,7
Exelon Corp. Sustainability Report 2023 filetype:pdf site:exeloncorp.com,1.0,8
Exelon Corp. Sustainability Report 2023 filetype:pdf site:exeloncorp.com,0.0,9
Exelon Corp. Sustainability Report 2023 filetype:pdf site:exeloncorp.com,0.0,10
Exelon Corp. Sustainability Report 2023 filetype:pdf site:investors.exeloncorp.com,0.0,1
Exelon Corp. Sustainability Report 2023 filetype:pdf site:investors.exeloncorp.com,0.0,2
Exelon Corp. Sustainability Report 2023 filetype:pdf site:investors.exeloncorp.com,0.0,3
Exelon Corp. Sustainability Report 2023 filetype:pdf site:investors.exeloncorp.com,0.0,4
Exelon Corp. Sustainability Report 2023 filetype:pdf site:investors.exeloncorp.com,0.0,5
Exelon Corp. Sustainability Report 2023 filetype:pdf site:investors.exeloncorp.com,0.0,6
Exelon Corp. Sustainability Report 2023 filetype:pdf site:investors.exeloncorp.com,0.0,7
Exelon Corp. Sustainability Report 2023 filetype:pdf site:investors.exeloncorp.com,0.0,8
Exelon Corp. Sustainability Report 2023 filetype:pdf site:investors.exeloncorp.com,0.0,9
Exelon Corp. Sustainability Report 2023 filetype:pdf site:investors.exeloncorp.com,0.0,10
FLUIDIGM CORPORATION Sustainability Report 2023 filetype:pdf site:investors.standardbio.com,0.0,1
FLUIDIGM CORPORATION Sustainability Report 2023 filetype:pdf site:investors.standardbio.com,0.0,2
FLUIDIGM CORPORATION Sustainability Report 2023 filetype:pdf site:investors.standardbio.com,1.0,3
FLUIDIGM CORPORATION Sustainability Report 2023 filetype:pdf site:investors.standardbio.com,0.0,4
FLUIDIGM CORPORATION Sustainability Report 2023 filetype:pdf site:investors.standardbio.com,0.0,5
FLUIDIGM CORPORATION Sustainability Report 2023 filetype:pdf site:investors.standardbio.com,0.0,6
FLUIDIGM CORPORATION Sustainability Report 2023 filetype:pdf site:investors.standardbio.com,0.0,7
FLUIDIGM CORPORATION Sustainability Report 2023 filetype:pdf site:investors.standardbio.com,0.0,8
FLUIDIGM CORPORATION Sustainability Report 2023 filetype:pdf site:investors.standardbio.com,0.0,9
FLUIDIGM CORPORATION Sustainability Report 2023 filetype:pdf site:investors.standardbio.com,0.0,10
FedEx Corp. Sustainability Report 2023 filetype:pdf site:cloudfront.net,0.0,1
FedEx Corp. Sustainability Report 2023 filetype:pdf site:cloudfront.net,0.0,2
FedEx Corp. Sustainability Report 2023 filetype:pdf site:cloudfront.net,0.0,3
FedEx Corp. Sustainability Report 2023 filetype:pdf site:cloudfront.net,0.0,4
FedEx Corp. Sustainability Report 2023 filetype:pdf site:cloudfront.net,0.0,5
FedEx Corp. Sustainability Report 2023 filetype:pdf site:cloudfront.net,0.0,6
FedEx Corp. Sustainability Report 2023 filetype:pdf site:cloudfront.net,0.0,7
FedEx Corp. Sustainability Report 2023 filetype:pdf site:cloudfront.net,0.0,8
FedEx Corp. Sustainability Report 2023 filetype:pdf site:cloudfront.net,0.0,9
FedEx Corp. Sustainability Report 2023 filetype:pdf site:cloudfront.net,0.0,10
FedEx Corp. Sustainability Report 2023 filetype:pdf site:fedex.com,0.0,1
FedEx Corp. Sustainability Report 2023 filetype:pdf site:fedex.com,1.0,2
FedEx Corp. Sustainability Report 2023 filetype:pdf site:fedex.com,0.0,3
FedEx Corp. Sustainability Report 2023 filetype:pdf site:fedex.com,0.0,4
FedEx Corp. Sustainability Report 2023 filetype:pdf site:fedex.com,0.0,5
FedEx Corp. Sustainability Report 2023 filetype:pdf site:fedex.com,0.0,6
FedEx Corp. Sustainability Report 2023 filetype:pdf site:fedex.com,0.0,7
FedEx Corp. Sustainability Report 2023 filetype:pdf site:fedex.com,0.0,8
FedEx Corp. Sustainability Report 2023 filetype:pdf site:fedex.com,0.0,9
FedEx Corp. Sustainability Report 2023 filetype:pdf site:fedex.com,0.0,10
FedEx Corp. Sustainability Report 2023 filetype:pdf site:q4cdn.com,0.0,1
FedEx Corp. Sustainability Report 2023 filetype:pdf site:q4cdn.com,0.0,2
FedEx Corp. Sustainability Report 2023 filetype:pdf site:q4cdn.com,0.0,3
FedEx Corp. Sustainability Report 2023 filetype:pdf site:q4cdn.com,0.0,4
FedEx Corp. Sustainability Report 2023 filetype:pdf site:q4cdn.com,0.0,5
FedEx Corp. Sustainability Report 2023 filetype:pdf site:q4cdn.com,0.0,6
FedEx Corp. Sustainability Report 2023 filetype:pdf site:q4cdn.com,0.0,7
FedEx Corp. Sustainability Report 2023 filetype:pdf site:q4cdn.com,0.0,8
FedEx Corp. Sustainability Report 2023 filetype:pdf site:q4cdn.com,0.0,9
FedEx Corp. Sustainability Report 2023 filetype:pdf site:q4cdn.com,0.0,10
Hooker Furnishings Corp. Sustainability Report 2023 filetype:pdf site:hookerfurnishings.com,0.0,1
Hooker Furnishings Corp. Sustainability Report 2023 filetype:pdf site:hookerfurnishings.com,1.0,2
Hooker Furnishings Corp. Sustainability Report 2023 filetype:pdf site:hookerfurnishings.com,0.0,3
Hooker Furnishings Corp. Sustainability Report 2023 filetype:pdf site:hookerfurnishings.com,0.0,4
Hooker Furnishings Corp. Sustainability Report 2023 filetype:pdf site:hookerfurnishings.com,0.0,5
Hooker Furnishings Corp. Sustainability Report 2023 filetype:pdf site:hookerfurnishings.com,0.0,6
Hooker Furnishings Corp. Sustainability Report 2023 filetype:pdf site:hookerfurnishings.com,0.0,7
Hooker Furnishings Corp. Sustainability Report 2023 filetype:pdf site:hookerfurnishings.com,0.0,8
Hooker Furnishings Corp. Sustainability Report 2023 filetype:pdf site:hookerfurnishings.com,0.0,9
Hooker Furnishings Corp. Sustainability Report 2023 filetype:pdf site:hookerfurnishings.com,0.0,10
Hooker Furnishings Corp. Sustainability Report 2023 filetype:pdf site:investors.hookerfurnishings.com,0.0,1
Hooker Furnishings Corp. Sustainability Report 2023 filetype:pdf site:investors.hookerfurnishings.com,0.0,2
Hooker Furnishings Corp. Sustainability Report 2023 filetype:pdf site:investors.hookerfurnishings.com,0.0,3
Hooker Furnishings Corp. Sustainability Report 2023 filetype:pdf site:investors.hookerfurnishings.com,0.0,4
Hooker Furnishings Corp. Sustainability Report 2023 filetype:pdf site:investors.hookerfurnishings.com,0.0,5
Hooker Furnishings Corp. Sustainability Report 2023 filetype:pdf site:investors.hookerfurnishings.com,0.0,6
Hooker Furnishings Corp. Sustainability Report 2023 filetype:pdf site:investors.hookerfurnishings.com,0.0,7
Hooker Furnishings Corp. Sustainability Report 2023 filetype:pdf site:investors.hookerfurnishings.com,0.0,8
Hooker Furnishings Corp. Sustainability Report 2023 filetype:pdf site:investors.hookerfurnishings.com,0.0,9
Hooker Furnishings Corp. Sustainability Report 2023 filetype:pdf site:investors.hookerfurnishings.com,0.0,10
IndusInd Bank Ltd. Sustainability Report 2023 filetype:pdf site:indusind.com,0.0,1
IndusInd Bank Ltd. Sustainability Report 2023 filetype:pdf site:indusind.com,0.0,2
IndusInd Bank Ltd. Sustainability Report 2023 filetype:pdf site:indusind.com,0.0,3
IndusInd Bank Ltd. Sustainability Report 2023 filetype:pdf site:indusind.com,0.0,4
IndusInd Bank Ltd. Sustainability Report 2023 filetype:pdf site:indusind.com,0.0,5
IndusInd Bank Ltd. Sustainability Report 2023 filetype:pdf site:indusind.com,1.0,6
IndusInd Bank Ltd. Sustainability Report 2023 filetype:pdf site:indusind.com,0.0,7
IndusInd Bank Ltd. Sustainability Report 2023 filetype:pdf site:indusind.com,0.0,8
IndusInd Bank Ltd. Sustainability Report 2023 filetype:pdf site:indusind.com,0.0,9
IndusInd Bank Ltd. Sustainability Report 2023 filetype:pdf site:indusind.com,0.0,10
"Intuit, Inc. Sustainability Report 2023 filetype:pdf site:q4cdn.com",0.0,1
"Intuit, Inc. Sustainability Report 2023 filetype:pdf site:q4cdn.com",0.0,2
"Intuit, Inc. Sustainability Report 2023 filetype:pdf site:q4cdn.com",0.0,3
"Intuit, Inc. Sustainability Report 2023 filetype:pdf site:q4cdn.com",0.0,4
"Intuit, Inc. Sustainability Report 2023 filetype:pdf site:q4cdn.com",0.0,5
"Intuit, Inc. Sustainability Report 2023 filetype:pdf site:q4cdn.com",0.0,6
"Intuit, Inc. Sustainability Report 2023 filetype:pdf site:q4cdn.com",0.0,7
"Intuit, Inc. Sustainability Report 2023 filetype:pdf site:q4cdn.com",0.0,8
"Intuit, Inc. Sustainability Report 2023 filetype:pdf site:q4cdn.com",1.0,9
"Intuit, Inc. Sustainability Report 2023 filetype:pdf site:q4cdn.com",0.0,10
"Iteris, Inc. Sustainability Report 2023 filetype:pdf site:iterisinc.gcs-web.com",0.0,1
"Iteris, Inc. Sustainability Report 2023 filetype:pdf site:iterisinc.gcs-web.com",0.0,2
"Iteris, Inc. Sustainability Report 2023 filetype:pdf site:iterisinc.gcs-web.com",0.0,3
"Iteris, Inc. Sustainability Report 2023 filetype:pdf site:iterisinc.gcs-web.com",0.0,4
"Iteris, Inc. Sustainability Report 2023 filetype:pdf site:iterisinc.gcs-web.com",0.0,5
"Iteris, Inc. Sustainability Report 2023 filetype:pdf site:iterisinc.gcs-web.com",0.0,6
"Iteris, Inc. Sustainability Report 2023 filetype:pdf site:iterisinc.gcs-web.com",0.0,7
"Iteris, Inc. Sustainability Report 2023 filetype:pdf site:iterisinc.gcs-web.com",0.0,8
"Iteris, Inc. Sustainability Report 2023 filetype:pdf site:iterisinc.gcs-web.com",0.0,9
"Iteris, Inc. Sustainability Report 2023 filetype:pdf site:iterisinc.gcs-web.com",0.0,10
JPMorgan Chase & Co. Sustainability Report 2023 filetype:pdf site:jpmorganchase.com,1.0,1
JPMorgan Chase & Co. Sustainability Report 2023 filetype:pdf site:jpmorganchase.com,0.0,2
JPMorgan Chase & Co. Sustainability Report 2023 filetype:pdf site:jpmorganchase.com,0.0,3
JPMorgan Chase & Co. Sustainability Report 2023 filetype:pdf site:jpmorganchase.com,0.0,4
JPMorgan Chase & Co. Sustainability Report 2023 filetype:pdf site:jpmorganchase.com,0.0,5
JPMorgan Chase & Co. Sustainability Report 2023 filetype:pdf site:jpmorganchase.com,0.0,6
JPMorgan Chase & Co. Sustainability Report 2023 filetype:pdf site:jpmorganchase.com,0.0,7
JPMorgan Chase & Co. Sustainability Report 2023 filetype:pdf site:jpmorganchase.com,0.0,8
JPMorgan Chase & Co. Sustainability Report 2023 filetype:pdf site:jpmorganchase.com,1.0,9
JPMorgan Chase & Co. Sustainability Report 2023 filetype:pdf site:jpmorganchase.com,0.0,10
JPMorgan Chase & Co. Sustainability Report 2023 filetype:pdf site:jpmorganchaseco.gcs-web.com,0.0,1
JPMorgan Chase & Co. Sustainability Report 2023 filetype:pdf site:jpmorganchaseco.gcs-web.com,0.0,2
JPMorgan Chase & Co. Sustainability Report 2023 filetype:pdf site:jpmorganchaseco.gcs-web.com,0.0,3
JPMorgan Chase & Co. Sustainability Report 2023 filetype:pdf site:jpmorganchaseco.gcs-web.com,0.0,4
JPMorgan Chase & Co. Sustainability Report 2023 filetype:pdf site:jpmorganchaseco.gcs-web.com,0.0,5
JPMorgan Chase & Co. Sustainability Report 2023 filetype:pdf site:jpmorganchaseco.gcs-web.com,0.0,6
JPMorgan Chase & Co. Sustainability Report 2023 filetype:pdf site:jpmorganchaseco.gcs-web.com,0.0,7
JPMorgan Chase & Co. Sustainability Report 2023 filetype:pdf site:jpmorganchaseco.gcs-web.com,0.0,8
JPMorgan Chase & Co. Sustainability Report 2023 filetype:pdf site:jpmorganchaseco.gcs-web.com,0.0,9
JPMorgan Chase & Co. Sustainability Report 2023 filetype:pdf site:jpmorganchaseco.gcs-web.com,0.0,10
"Kennametal, Inc. Sustainability Report 2023 filetype:pdf site:investors.kennametal.com",0.0,1
"Kennametal, Inc. Sustainability Report 2023 filetype:pdf site:investors.kennametal.com",0.0,2
"Kennametal, Inc. Sustainability Report 2023 filetype:pdf site:investors.kennametal.com",0.0,3
"Kennametal, Inc. Sustainability Report 2023 filetype:pdf site:investors.kennametal.com",0.0,4
"Kennametal, Inc. Sustainability Report 2023 filetype:pdf site:investors.kennametal.com",1.0,5
"Kennametal, Inc. Sustainability Report 2023 filetype:pdf site:investors.kennametal.com",0.0,6
"Kennametal, Inc. Sustainability Report 2023 filetype:pdf site:investors.kennametal.com",0.0,7
"Kennametal, Inc. Sustainability Report 2023 filetype:pdf site:investors.kennametal.com",0.0,8
"Kennametal, Inc. Sustainability Report 2023 filetype:pdf site:investors.kennametal.com",0.0,9
"Kennametal, Inc. Sustainability Report 2023 filetype:pdf site:investors.kennametal.com",0.0,10
"Kennametal, Inc. Sustainability Report 2023 filetype:pdf site:kennametal.com",0.0,1
"Kennametal, Inc. Sustainability Report 2023 filetype:pdf site:kennametal.com",0.0,2
"Kennametal, Inc. Sustainability Report 2023 filetype:pdf site:kennametal.com",0.0,3
"Kennametal, Inc. Sustainability Report 2023 filetype:pdf site:kennametal.com",0.0,4
"Kennametal, Inc. Sustainability Report 2023 filetype:pdf site:kennametal.com",1.0,5
"Kennametal, Inc. Sustainability Report 2023 filetype:pdf site:kennametal.com",0.0,6
"Kennametal, Inc. Sustainability Report 2023 filetype:pdf site:kennametal.com",0.0,7
"Kennametal, Inc. Sustainability Report 2023 filetype:pdf site:kennametal.com",0.0,8
"Kennametal, Inc. Sustainability Report 2023 filetype:pdf site:kennametal.com",0.0,9
"Kennametal, Inc. Sustainability Report 2023 filetype:pdf site:kennametal.com",0.0,10
Kommunalbanken AS Sustainability Report 2023 filetype:pdf site:kbn.com,0.0,1
Kommunalbanken AS Sustainability Report 2023 filetype:pdf site:kbn.com,0.0,2
Kommunalbanken AS Sustainability Report 2023 filetype:pdf site:kbn.com,0.0,3
Kommunalbanken AS Sustainability Report 2023 filetype:pdf site:kbn.com,0.0,4
Kommunalbanken AS Sustainability Report 2023 filetype:pdf site:kbn.com,0.0,5
Kommunalbanken AS Sustainability Report 2023 filetype:pdf site:kbn.com,0.0,6
Kommunalbanken AS Sustainability Report 2023 filetype:pdf site:kbn.com,0.0,7
Kommunalbanken AS Sustainability Report 2023 filetype:pdf site:kbn.com,0.0,8
Kommunalbanken AS Sustainability Report 2023 filetype:pdf site:kbn.com,0.0,9
Kommunalbanken AS Sustainability Report 2023 filetype:pdf site:kbn.com,1.0,10
Levi Strauss & Co Sustainability Report 2023 filetype:pdf site:cloudfront.net,0.0,1
Levi Strauss & Co Sustainability Report 2023 filetype:pdf site:cloudfront.net,0.0,2
Levi Strauss & Co Sustainability Report 2023 filetype:pdf site:cloudfront.net,0.0,3
Levi Strauss & Co Sustainability Report 2023 filetype:pdf site:cloudfront.net,0.0,4
Levi Strauss & Co Sustainability Report 2023 filetype:pdf site:cloudfront.net,0.0,5
Levi Strauss & Co Sustainability Report 2023 filetype:pdf site:cloudfront.net,0.0,6
Levi Strauss & Co Sustainability Report 2023 filetype:pdf site:cloudfront.net,0.0,7
Levi Strauss & Co Sustainability Report 2023 filetype:pdf site:cloudfront.net,0.0,8
Levi Strauss & Co Sustainability Report 2023 filetype:pdf site:cloudfront.net,0.0,9
Levi Strauss & Co Sustainability Report 2023 filetype:pdf site:cloudfront.net,0.0,10
Levi Strauss & Co Sustainability Report 2023 filetype:pdf site:levistrauss.com,0.0,1
Levi Strauss & Co Sustainability Report 2023 filetype:pdf site:levistrauss.com,0.0,2
Levi Strauss & Co Sustainability Report 2023 filetype:pdf site:levistrauss.com,0.0,3
Levi Strauss & Co Sustainability Report 2023 filetype:pdf site:levistrauss.com,0.0,4
Levi Strauss & Co Sustainability Report 2023 filetype:pdf site:levistrauss.com,0.0,5
Levi Strauss & Co Sustainability Report 2023 filetype:pdf site:levistrauss.com,0.0,6
Levi Strauss & Co Sustainability Report 2023 filetype:pdf site:levistrauss.com,0.0,7
Levi Strauss & Co Sustainability Report 2023 filetype:pdf site:levistrauss.com,1.0,8
Levi Strauss & Co Sustainability Report 2023 filetype:pdf site:levistrauss.com,0.0,9
Levi Strauss & Co Sustainability Report 2023 filetype:pdf site:levistrauss.com,0.0,10
Limoneira Co. Sustainability Report 2023 filetype:pdf site:investor.limoneira.com,0.0,1
Limoneira Co. Sustainability Report 2023 filetype:pdf site:investor.limoneira.com,0.0,2
Limoneira Co. Sustainability Report 2023 filetype:pdf site:investor.limoneira.com,0.0,3
Limoneira Co. Sustainability Report 2023 filetype:pdf site:investor.limoneira.com,0.0,4
Limoneira Co. Sustainability Report 2023 filetype:pdf site:investor.limoneira.com,0.0,5
Limoneira Co. Sustainability Report 2023 filetype:pdf site:investor.limoneira.com,0.0,6
Limoneira Co. Sustainability Report 2023 filetype:pdf site:investor.limoneira.com,0.0,7
Limoneira Co. Sustainability Report 2023 filetype:pdf site:investor.limoneira.com,0.0,8
Limoneira Co. Sustainability Report 2023 filetype:pdf site:investor.limoneira.com,0.0,9
Limoneira Co. Sustainability Report 2023 filetype:pdf site:investor.limoneira.com,0.0,10
Limoneira Co. Sustainability Report 2023 filetype:pdf site:limoneira.com,0.0,1
Limoneira Co. Sustainability Report 2023 filetype:pdf site:limoneira.com,0.0,2
Limoneira Co. Sustainability Report 2023 filetype:pdf site:limoneira.com,0.0,3
Limoneira Co. Sustainability Report 2023 filetype:pdf site:limoneira.com,0.0,4
Limoneira Co. Sustainability Report 2023 filetype:pdf site:limoneira.com,0.0,5
Limoneira Co. Sustainability Report 2023 filetype:pdf site:limoneira.com,0.0,6
Limoneira Co. Sustainability Report 2023 filetype:pdf site:limoneira.com,0.0,7
Limoneira Co. Sustainability Report 2023 filetype:pdf site:limoneira.com,0.0,8
Limoneira Co. Sustainability Report 2023 filetype:pdf site:limoneira.com,0.0,9
Limoneira Co. Sustainability Report 2023 filetype:pdf site:limoneira.com,0.0,10
"Methode Electronics, Inc. Sustainability Report 2023 filetype:pdf site:cloudfront.net",0.0,1
"Methode Electronics, Inc. Sustainability Report 2023 filetype:pdf site:cloudfront.net",0.0,2
"Methode Electronics, Inc. Sustainability Report 2023 filetype:pdf site:cloudfront.net",0.0,3
"Methode Electronics, Inc. Sustainability Report 2023 filetype:pdf site:cloudfront.net",0.0,4
"Methode Electronics, Inc. Sustainability Report 2023 filetype:pdf site:cloudfront.net",0.0,5
"Methode Electronics, Inc. Sustainability Report 2023 filetype:pdf site:cloudfront.net",0.0,6
"Methode Electronics, Inc. Sustainability Report 2023 filetype:pdf site:cloudfront.net",0.0,7
"Methode Electronics, Inc. Sustainability Report 2023 filetype:pdf site:cloudfront.net",0.0,8
"Methode Electronics, Inc. Sustainability Report 2023 filetype:pdf site:cloudfront.net",0.0,9
"Methode Electronics, Inc. Sustainability Report 2023 filetype:pdf site:cloudfront.net",0.0,10
"Methode Electronics, Inc. Sustainability Report 2023 filetype:pdf site:q4cdn.com",1.0,1
"Methode Electronics, Inc. Sustainability Report 2023 filetype:pdf site:q4cdn.com",0.0,2
"Methode Electronics, Inc. Sustainability Report 2023 filetype:pdf site:q4cdn.com",0.0,3
"Methode Electronics, Inc. Sustainability Report 2023 filetype:pdf site:q4cdn.com",0.0,4
"Methode Electronics, Inc. Sustainability Report 2023 filetype:pdf site:q4cdn.com",0.0,5
"Methode Electronics, Inc. Sustainability Report 2023 filetype:pdf site:q4cdn.com",0.0,6
"Methode Electronics, Inc. Sustainability Report 2023 filetype:pdf site:q4cdn.com",0.0,7
"Methode Electronics, Inc. Sustainability Report 2023 filetype:pdf site:q4cdn.com",0.0,8
"Methode Electronics, Inc. Sustainability Report 2023 filetype:pdf site:q4cdn.com",0.0,9
"Methode Electronics, Inc. Sustainability Report 2023 filetype:pdf site:q4cdn.com",0.0,10
"Monro, Inc. Sustainability Report 2023 filetype:pdf site:cloudfront.net",0.0,1
"Monro, Inc. Sustainability Report 2023 filetype:pdf site:cloudfront.net",0.0,2
"Monro, Inc. Sustainability Report 2023 filetype:pdf site:cloudfront.net",0.0,3
"Monro, Inc. Sustainability Report 2023 filetype:pdf site:cloudfront.net",0.0,4
"Monro, Inc. Sustainability Report 2023 filetype:pdf site:cloudfront.net",0.0,5
"Monro, Inc. Sustainability Report 2023 filetype:pdf site:cloudfront.net",0.0,6
"Monro, Inc. Sustainability Report 2023 filetype:pdf site:cloudfront.net",0.0,7
"Monro, Inc. Sustainability Report 2023 filetype:pdf site:cloudfront.net",0.0,8
"Monro, Inc. Sustainability Report 2023 filetype:pdf site:cloudfront.net",0.0,9
"Monro, Inc. Sustainability Report 2023 filetype:pdf site:cloudfront.net",0.0,10
"Monro, Inc. Sustainability Report 2023 filetype:pdf site:q4cdn.com",0.0,1
"Monro, Inc. Sustainability Report 2023 filetype:pdf site:q4cdn.com",1.0,2
"Monro, Inc. Sustainability Report 2023 filetype:pdf site:q4cdn.com",0.0,3
"Monro, Inc. Sustainability Report 2023 filetype:pdf site:q4cdn.com",0.0,4
"Monro, Inc. Sustainability Report 2023 filetype:pdf site:q4cdn.com",0.0,5
"Monro, Inc. Sustainability Report 2023 filetype:pdf site:q4cdn.com",0.0,6
"Monro, Inc. Sustainability Report 2023 filetype:pdf site:q4cdn.com",0.0,7
"Monro, Inc. Sustainability Report 2023 filetype:pdf site:q4cdn.com",0.0,8
"Monro, Inc. Sustainability Report 2023 filetype:pdf site:q4cdn.com",0.0,9
"Monro, Inc. Sustainability Report 2023 filetype:pdf site:q4cdn.com",0.0,10
NORTONLIFELOCK INC. Sustainability Report 2023 filetype:pdf site:cloudfront.net,0.0,1
NORTONLIFELOCK INC. Sustainability Report 2023 filetype:pdf site:cloudfront.net,0.0,2
NORTONLIFELOCK INC. Sustainability Report 2023 filetype:pdf site:cloudfront.net,0.0,3
NORTONLIFELOCK INC. Sustainability Report 2023 filetype:pdf site:cloudfront.net,0.0,4
NORTONLIFELOCK INC. Sustainability Report 2023 filetype:pdf site:cloudfront.net,0.0,5
NORTONLIFELOCK INC. Sustainability Report 2023 filetype:pdf site:cloudfront.net,0.0,6
NORTONLIFELOCK INC. Sustainability Report 2023 filetype:pdf site:cloudfront.net,0.0,7
NORTONLIFELOCK INC. Sustainability Report 2023 filetype:pdf site:cloudfront.net,0.0,8
NORTONLIFELOCK INC. Sustainability Report 2023 filetype:pdf site:cloudfront.net,0.0,9
NORTONLIFELOCK INC. Sustainability Report 2023 filetype:pdf site:cloudfront.net,0.0,10
NORTONLIFELOCK INC. Sustainability Report 2023 filetype:pdf site:q4cdn.com,0.0,1
NORTONLIFELOCK INC. Sustainability Report 2023 filetype:pdf site:q4cdn.com,0.0,2
NORTONLIFELOCK INC. Sustainability Report 2023 filetype:pdf site:q4cdn.com,0.0,3
NORTONLIFELOCK INC. Sustainability Report 2023 filetype:pdf site:q4cdn.com,0.0,4
NORTONLIFELOCK INC. Sustainability Report 2023 filetype:pdf site:q4cdn.com,0.0,5
NORTONLIFELOCK INC. Sustainability Report 2023 filetype:pdf site:q4cdn.com,0.0,6
NORTONLIFELOCK INC. Sustainability Report 2023 filetype:pdf site:q4cdn.com,0.0,7
NORTONLIFELOCK INC. Sustainability Report 2023 filetype:pdf site:q4cdn.com,0.0,8
NORTONLIFELOCK INC. Sustainability Report 2023 filetype:pdf site:q4cdn.com,1.0,9
NORTONLIFELOCK INC. Sustainability Report 2023 filetype:pdf site:q4cdn.com,0.0,10
Nederlandse Waterschapsbank NV Sustainability Report 2023 filetype:pdf site:nwbbank.com,0.0,1
Nederlandse Waterschapsbank NV Sustainability Report 2023 filetype:pdf site:nwbbank.com,0.0,2
Nederlandse Waterschapsbank NV Sustainability Report 2023 filetype:pdf site:nwbbank.com,0.0,3
Nederlandse Waterschapsbank NV Sustainability Report 2023 filetype:pdf site:nwbbank.com,0.0,4
Nederlandse Waterschapsbank NV Sustainability Report 2023 filetype:pdf site:nwbbank.com,0.0,5
Nederlandse Waterschapsbank NV Sustainability Report 2023 filetype:pdf site:nwbbank.com,0.0,6
Nederlandse Waterschapsbank NV Sustainability Report 2023 filetype:pdf site:nwbbank.com,0.0,7
Nederlandse Waterschapsbank NV Sustainability Report 2023 filetype:pdf site:nwbbank.com,0.0,8
Nederlandse Waterschapsbank NV Sustainability Report 2023 filetype:pdf site:nwbbank.com,0.0,9
Nederlandse Waterschapsbank NV Sustainability Report 2023 filetype:pdf site:nwbbank.com,0.0,10
Nvidia Corp. Sustainability Report 2023 filetype:pdf site:cloudfront.net,0.0,1
Nvidia Corp. Sustainability Report 2023 filetype:pdf site:cloudfront.net,0.0,2
Nvidia Corp. Sustainability Report 2023 filetype:pdf site:cloudfront.net,0.0,3
Nvidia Corp. Sustainability Report 2023 filetype:pdf site:cloudfront.net,0.0,4
Nvidia Corp. Sustainability Report 2023 filetype:pdf site:cloudfront.net,0.0,5
Nvidia Corp. Sustainability Report 2023 filetype:pdf site:cloudfront.net,0.0,6
Nvidia Corp. Sustainability Report 2023 filetype:pdf site:cloudfront.net,0.0,7
Nvidia Corp. Sustainability Report 2023 filetype:pdf site:cloudfront.net,0.0,8
Nvidia Corp. Sustainability Report 2023 filetype:pdf site:cloudfront.net,0.0,9
Nvidia Corp. Sustainability Report 2023 filetype:pdf site:cloudfront.net,0.0,10
Nvidia Corp. Sustainability Report 2023 filetype:pdf site:nvidia.com,0.0,1
Nvidia Corp. Sustainability Report 2023 filetype:pdf site:nvidia.com,1.0,2
Nvidia Corp. Sustainability Report 2023 filetype:pdf site:nvidia.com,0.0,3
Nvidia Corp. Sustainability Report 2023 filetype:pdf site:nvidia.com,0.0,4
Nvidia Corp. Sustainability Report 2023 filetype:pdf site:nvidia.com,0.0,5
Nvidia Corp. Sustainability Report 2023 filetype:pdf site:nvidia.com,0.0,6
Nvidia Corp. Sustainability Report 2023 filetype:pdf site:nvidia.com,0.0,7
Nvidia Corp. Sustainability Report 2023 filetype:pdf site:nvidia.com,0.0,8
Nvidia Corp. Sustainability Report 2023 filetype:pdf site:nvidia.com,0.0,9
Nvidia Corp. Sustainability Report 2023 filetype:pdf site:nvidia.com,0.0,10
Nvidia Corp. Sustainability Report 2023 filetype:pdf site:q4cdn.com,0.0,1
Nvidia Corp. Sustainability Report 2023 filetype:pdf site:q4cdn.com,0.0,2
Nvidia Corp. Sustainability Report 2023 filetype:pdf site:q4cdn.com,0.0,3
Nvidia Corp. Sustainability Report 2023 filetype:pdf site:q4cdn.com,1.0,4
Nvidia Corp. Sustainability Report 2023 filetype:pdf site:q4cdn.com,0.0,5
Nvidia Corp. Sustainability Report 2023 filetype:pdf site:q4cdn.com,0.0,6
Nvidia Corp. Sustainability Report 2023 filetype:pdf site:q4cdn.com,0.0,7
Nvidia Corp. Sustainability Report 2023 filetype:pdf site:q4cdn.com,0.0,8
Nvidia Corp. Sustainability Report 2023 filetype:pdf site:q4cdn.com,0.0,9
Nvidia Corp. Sustainability Report 2023 filetype:pdf site:q4cdn.com,0.0,10
PVH Corp. Sustainability Report 2023 filetype:pdf site:pvh.com,0.0,1
PVH Corp. Sustainability Report 2023 filetype:pdf site:pvh.com,0.0,2
PVH Corp. Sustainability Report 2023 filetype:pdf site:pvh.com,0.0,3
PVH Corp. Sustainability Report 2023 filetype:pdf site:pvh.com,0.0,4
PVH Corp. Sustainability Report 2023 filetype:pdf site:pvh.com,1.0,5
PVH Corp. Sustainability Report 2023 filetype:pdf site:pvh.com,1.0,6
PVH Corp. Sustainability Report 2023 filetype:pdf site:pvh.com,0.0,7
PVH Corp. Sustainability Report 2023 filetype:pdf site:pvh.com,0.0,8
PVH Corp. Sustainability Report 2023 filetype:pdf site:pvh.com,0.0,9
PVH Corp. Sustainability Report 2023 filetype:pdf site:pvh.com,0.0,10
PVH Corp. Sustainability Report 2023 filetype:pdf site:pvh.gcs-web.com,0.0,1
PVH Corp. Sustainability Report 2023 filetype:pdf site:pvh.gcs-web.com,0.0,2
PVH Corp. Sustainability Report 2023 filetype:pdf site:pvh.gcs-web.com,0.0,3
PVH Corp. Sustainability Report 2023 filetype:pdf site:pvh.gcs-web.com,0.0,4
PVH Corp. Sustainability Report 2023 filetype:pdf site:pvh.gcs-web.com,0.0,5
PVH Corp. Sustainability Report 2023 filetype:pdf site:pvh.gcs-web.com,0.0,6
PVH Corp. Sustainability Report 2023 filetype:pdf site:pvh.gcs-web.com,0.0,7
PVH Corp. Sustainability Report 2023 filetype:pdf site:pvh.gcs-web.com,0.0,8
PVH Corp. Sustainability Report 2023 filetype:pdf site:pvh.gcs-web.com,0.0,9
PVH Corp. Sustainability Report 2023 filetype:pdf site:pvh.gcs-web.com,0.0,10
"Paccar, Inc. Sustainability Report 2023 filetype:pdf site:paccar.com",0.0,1
"Paccar, Inc. Sustainability Report 2023 filetype:pdf site:paccar.com",0.0,2
"Paccar, Inc. Sustainability Report 2023 filetype:pdf site:paccar.com",0.0,3
"Paccar, Inc. Sustainability Report 2023 filetype:pdf site:paccar.com",0.0,4
"Paccar, Inc. Sustainability Report 2023 filetype:pdf site:paccar.com",0.0,5
"Paccar, Inc. Sustainability Report 2023 filetype:pdf site:paccar.com",0.0,6
"Paccar, Inc. Sustainability Report 2023 filetype:pdf site:paccar.com",0.0,7
"Paccar, Inc. Sustainability Report 2023 filetype:pdf site:paccar.com",0.0,8
"Paccar, Inc. Sustainability Report 2023 filetype:pdf site:paccar.com",0.0,9
"Paccar, Inc. Sustainability Report 2023 filetype:pdf site:paccar.com",0.0,10
"Paccar, Inc. Sustainability Report 2023 filetype:pdf site:q4cdn.com",0.0,1
"Paccar, Inc. Sustainability Report 2023 filetype:pdf site:q4cdn.com",0.0,2
"Paccar, Inc. Sustainability Report 2023 filetype:pdf site:q4cdn.com",0.0,3
"Paccar, Inc. Sustainability Report 2023 filetype:pdf site:q4cdn.com",0.0,4
"Paccar, Inc. Sustainability Report 2023 filetype:pdf site:q4cdn.com",0.0,5
"Paccar, Inc. Sustainability Report 2023 filetype:pdf site:q4cdn.com",1.0,6
"Paccar, Inc. Sustainability Report 2023 filetype:pdf site:q4cdn.com",1.0,7
"Paccar, Inc. Sustainability Report 2023 filetype:pdf site:q4cdn.com",0.0,8
"Paccar, Inc. Sustainability Report 2023 filetype:pdf site:q4cdn.com",0.0,9
"Paccar, Inc. Sustainability Report 2023 filetype:pdf site:q4cdn.com",0.0,10
Parker-Hannifin Corp. Sustainability Report 2023 filetype:pdf site:investors.parker.com,0.0,1
Parker-Hannifin Corp. Sustainability Report 2023 filetype:pdf site:investors.parker.com,0.0,2
Parker-Hannifin Corp. Sustainability Report 2023 filetype:pdf site:investors.parker.com,0.0,3
Parker-Hannifin Corp. Sustainability Report 2023 filetype:pdf site:investors.parker.com,0.0,4
Parker-Hannifin Corp. Sustainability Report 2023 filetype:pdf site:investors.parker.com,0.0,5
Parker-Hannifin Corp. Sustainability Report 2023 filetype:pdf site:investors.parker.com,0.0,6
Parker-Hannifin Corp. Sustainability Report 2023 filetype:pdf site:investors.parker.com,0.0,7
Parker-Hannifin Corp. Sustainability Report 2023 filetype:pdf site:investors.parker.com,0.0,8
Parker-Hannifin Corp. Sustainability Report 2023 filetype:pdf site:investors.parker.com,0.0,9
Parker-Hannifin Corp. Sustainability Report 2023 filetype:pdf site:investors.parker.com,0.0,10
Parker-Hannifin Corp. Sustainability Report 2023 filetype:pdf site:parker.com,0.0,1
Parker-Hannifin Corp. Sustainability Report 2023 filetype:pdf site:parker.com,0.0,2
Parker-Hannifin Corp. Sustainability Report 2023 filetype:pdf site:parker.com,0.0,3
Parker-Hannifin Corp. Sustainability Report 2023 filetype:pdf site:parker.com,0.0,4
Parker-Hannifin Corp. Sustainability Report 2023 filetype:pdf site:parker.com,0.0,5
Parker-Hannifin Corp. Sustainability Report 2023 filetype:pdf site:parker.com,1.0,6
Parker-Hannifin Corp. Sustainability Report 2023 filetype:pdf site:parker.com,0.0,7
Parker-Hannifin Corp. Sustainability Report 2023 filetype:pdf site:parker.com,0.0,8
Parker-Hannifin Corp. Sustainability Report 2023 filetype:pdf site:parker.com,1.0,9
Parker-Hannifin Corp. Sustainability Report 2023 filetype:pdf site:parker.com,0.0,10
Procter & Gamble Co. Sustainability Report 2023 filetype:pdf site:assets.ctfassets.net,1.0,1
Procter & Gamble Co. Sustainability Report 2023 filetype:pdf site:assets.ctfassets.net,0.0,2
Procter & Gamble Co. Sustainability Report 2023 filetype:pdf site:assets.ctfassets.net,0.0,3
Procter & Gamble Co. Sustainability Report 2023 filetype:pdf site:assets.ctfassets.net,0.0,4
Procter & Gamble Co. Sustainability Report 2023 filetype:pdf site:assets.ctfassets.net,0.0,5
Procter & Gamble Co. Sustainability Report 2023 filetype:pdf site:assets.ctfassets.net,0.0,6
Procter & Gamble Co. Sustainability Report 2023 filetype:pdf site:assets.ctfassets.net,0.0,7
Procter & Gamble Co. Sustainability Report 2023 filetype:pdf site:assets.ctfassets.net,0.0,8
Procter & Gamble Co. Sustainability Report 2023 filetype:pdf site:assets.ctfassets.net,0.0,9
Procter & Gamble Co. Sustainability Report 2023 filetype:pdf site:assets.ctfassets.net,0.0,10
Procter & Gamble Co. Sustainability Report 2023 filetype:pdf site:q4cdn.com,0.0,1
Procter & Gamble Co. Sustainability Report 2023 filetype:pdf site:q4cdn.com,0.0,2
Procter & Gamble Co. Sustainability Report 2023 filetype:pdf site:q4cdn.com,0.0,3
Procter & Gamble Co. Sustainability Report 2023 filetype:pdf site:q4cdn.com,0.0,4
Procter & Gamble Co. Sustainability Report 2023 filetype:pdf site:q4cdn.com,0.0,5
Procter & Gamble Co. Sustainability Report 2023 filetype:pdf site:q4cdn.com,1.0,6
Procter & Gamble Co. Sustainability Report 2023 filetype:pdf site:q4cdn.com,0.0,7
Procter & Gamble Co. Sustainability Report 2023 filetype:pdf site:q4cdn.com,0.0,8
Procter & Gamble Co. Sustainability Report 2023 filetype:pdf site:q4cdn.com,0.0,9
Procter & Gamble Co. Sustainability Report 2023 filetype:pdf site:q4cdn.com,0.0,10
Quantum Corp. Sustainability Report 2023 filetype:pdf site:cloudfront.net,1.0,1
Quantum Corp. Sustainability Report 2023 filetype:pdf site:cloudfront.net,0.0,2
Quantum Corp. Sustainability Report 2023 filetype:pdf site:cloudfront.net,0.0,3
Quantum Corp. Sustainability Report 2023 filetype:pdf site:cloudfront.net,0.0,4
Quantum Corp. Sustainability Report 2023 filetype:pdf site:cloudfront.net,0.0,5
Quantum Corp. Sustainability Report 2023 filetype:pdf site:cloudfront.net,0.0,6
Quantum Corp. Sustainability Report 2023 filetype:pdf site:cloudfront.net,0.0,7
Quantum Corp. Sustainability Report 2023 filetype:pdf site:cloudfront.net,0.0,8
Quantum Corp. Sustainability Report 2023 filetype:pdf site:cloudfront.net,0.0,9
Quantum Corp. Sustainability Report 2023 filetype:pdf site:cloudfront.net,0.0,10
Quantum Corp. Sustainability Report 2023 filetype:pdf site:investors.quantum.com,0.0,1
Quantum Corp. Sustainability Report 2023 filetype:pdf site:investors.quantum.com,0.0,2
Quantum Corp. Sustainability Report 2023 filetype:pdf site:investors.quantum.com,0.0,3
Quantum Corp. Sustainability Report 2023 filetype:pdf site:investors.quantum.com,0.0,4
Quantum Corp. Sustainability Report 2023 filetype:pdf site:investors.quantum.com,0.0,5
Quantum Corp. Sustainability Report 2023 filetype:pdf site:investors.quantum.com,0.0,6
Quantum Corp. Sustainability Report 2023 filetype:pdf site:investors.quantum.com,0.0,7
Quantum Corp. Sustainability Report 2023 filetype:pdf site:investors.quantum.com,0.0,8
Quantum Corp. Sustainability Report 2023 filetype:pdf site:investors.quantum.com,0.0,9
Quantum Corp. Sustainability Report 2023 filetype:pdf site:investors.quantum.com,0.0,10
"RBC Bearings, Inc. Sustainability Report 2023 filetype:pdf site:investor.rbcbearings.com",0.0,1
"RBC Bearings, Inc. Sustainability Report 2023 filetype:pdf site:investor.rbcbearings.com",0.0,2
"RBC Bearings, Inc. Sustainability Report 2023 filetype:pdf site:investor.rbcbearings.com",0.0,3
"RBC Bearings, Inc. Sustainability Report 2023 filetype:pdf site:investor.rbcbearings.com",0.0,4
"RBC Bearings, Inc. Sustainability Report 2023 filetype:pdf site:investor.rbcbearings.com",0.0,5
"RBC Bearings, Inc. Sustainability Report 2023 filetype:pdf site:investor.rbcbearings.com",0.0,6
"RBC Bearings, Inc. Sustainability Report 2023 filetype:pdf site:investor.rbcbearings.com",0.0,7
"RBC Bearings, Inc. Sustainability Report 2023 filetype:pdf site:investor.rbcbearings.com",0.0,8
"RBC Bearings, Inc. Sustainability Report 2023 filetype:pdf site:investor.rbcbearings.com",0.0,9
"RBC Bearings, Inc. Sustainability Report 2023 filetype:pdf site:investor.rbcbearings.com",0.0,10
"RBC Bearings, Inc. Sustainability Report 2023 filetype:pdf site:rbcbearings.com",0.0,1
"RBC Bearings, Inc. Sustainability Report 2023 filetype:pdf site:rbcbearings.com",0.0,2
"RBC Bearings, Inc. Sustainability Report 2023 filetype:pdf site:rbcbearings.com",0.0,3
"RBC Bearings, Inc. Sustainability Report 2023 filetype:pdf site:rbcbearings.com",0.0,4
"RBC Bearings, Inc. Sustainability Report 2023 filetype:pdf site:rbcbearings.com",0.0,5
"RBC Bearings, Inc. Sustainability Report 2023 filetype:pdf site:rbcbearings.com",0.0,6
"RBC Bearings, Inc. Sustainability Report 2023 filetype:pdf site:rbcbearings.com",0.0,7
"RBC Bearings, Inc. Sustainability Report 2023 filetype:pdf site:rbcbearings.com",0.0,8
"RBC Bearings, Inc. Sustainability Report 2023 filetype:pdf site:rbcbearings.com",0.0,9
"RBC Bearings, Inc. Sustainability Report 2023 filetype:pdf site:rbcbearings.com",0.0,10
RINGKJOEBING LANDBOBANK Sustainability Report 2023 filetype:pdf site:landbobanken.dk,1.0,1
RINGKJOEBING LANDBOBANK Sustainability Report 2023 filetype:pdf site:landbobanken.dk,0.0,2
RINGKJOEBING LANDBOBANK Sustainability Report 2023 filetype:pdf site:landbobanken.dk,0.0,3
RINGKJOEBING LANDBOBANK Sustainability Report 2023 filetype:pdf site:landbobanken.dk,0.0,4
RINGKJOEBING LANDBOBANK Sustainability Report 2023 filetype:pdf site:landbobanken.dk,0.0,5
RINGKJOEBING LANDBOBANK Sustainability Report 2023 filetype:pdf site:landbobanken.dk,0.0,6
RINGKJOEBING LANDBOBANK Sustainability Report 2023 filetype:pdf site:landbobanken.dk,0.0,7
RINGKJOEBING LANDBOBANK Sustainability Report 2023 filetype:pdf site:landbobanken.dk,0.0,8
RINGKJOEBING LANDBOBANK Sustainability Report 2023 filetype:pdf site:landbobanken.dk,0.0,9
RINGKJOEBING LANDBOBANK Sustainability Report 2023 filetype:pdf site:landbobanken.dk,0.0,10
"Sarepta Therapeutics, Inc. Sustainability Report 2023 filetype:pdf site:investorrelations.sarepta.com",0.0,1
"Sarepta Therapeutics, Inc. Sustainability Report 2023 filetype:pdf site:investorrelations.sarepta.com",0.0,2
"Sarepta Therapeutics, Inc. Sustainability Report 2023 filetype:pdf site:investorrelations.sarepta.com",0.0,3
"Sarepta Therapeutics, Inc. Sustainability Report 2023 filetype:pdf site:investorrelations.sarepta.com",0.0,4
"Sarepta Therapeutics, Inc. Sustainability Report 2023 filetype:pdf site:investorrelations.sarepta.com",0.0,5
"Sarepta Therapeutics, Inc. Sustainability Report 2023 filetype:pdf site:investorrelations.sarepta.com",0.0,6
"Sarepta Therapeutics, Inc. Sustainability Report 2023 filetype:pdf site:investorrelations.sarepta.com",0.0,7
"Sarepta Therapeutics, Inc. Sustainability Report 2023 filetype:pdf site:investorrelations.sarepta.com",0.0,8
"Sarepta Therapeutics, Inc. Sustainability Report 2023 filetype:pdf site:investorrelations.sarepta.com",0.0,9
"Sarepta Therapeutics, Inc. Sustainability Report 2023 filetype:pdf site:investorrelations.sarepta.com",0.0,10
"Sarepta Therapeutics, Inc. Sustainability Report 2023 filetype:pdf site:sarepta.com",0.0,1
"Sarepta Therapeutics, Inc. Sustainability Report 2023 filetype:pdf site:sarepta.com",0.0,2
"Sarepta Therapeutics, Inc. Sustainability Report 2023 filetype:pdf site:sarepta.com",0.0,3
"Sarepta Therapeutics, Inc. Sustainability Report 2023 filetype:pdf site:sarepta.com",0.0,4
"Sarepta Therapeutics, Inc. Sustainability Report 2023 filetype:pdf site:sarepta.com",0.0,5
"Sarepta Therapeutics, Inc. Sustainability Report 2023 filetype:pdf site:sarepta.com",0.0,6
"Sarepta Therapeutics, Inc. Sustainability Report 2023 filetype:pdf site:sarepta.com",0.0,7
"Sarepta Therapeutics, Inc. Sustainability Report 2023 filetype:pdf site:sarepta.com",0.0,8
"Sarepta Therapeutics, Inc. Sustainability Report 2023 filetype:pdf site:sarepta.com",1.0,9
"Sarepta Therapeutics, Inc. Sustainability Report 2023 filetype:pdf site:sarepta.com",0.0,10
Scholastic Corp. Sustainability Report 2023 filetype:pdf site:investor.scholastic.com,0.0,1
Scholastic Corp. Sustainability Report 2023 filetype:pdf site:investor.scholastic.com,0.0,2
Scholastic Corp. Sustainability Report 2023 filetype:pdf site:investor.scholastic.com,0.0,3
Scholastic Corp. Sustainability Report 2023 filetype:pdf site:investor.scholastic.com,0.0,4
Scholastic Corp. Sustainability Report 2023 filetype:pdf site:investor.scholastic.com,0.0,5
Scholastic Corp. Sustainability Report 2023 filetype:pdf site:investor.scholastic.com,0.0,6
Scholastic Corp. Sustainability Report 2023 filetype:pdf site:investor.scholastic.com,0.0,7
Scholastic Corp. Sustainability Report 2023 filetype:pdf site:investor.scholastic.com,0.0,8
Scholastic Corp. Sustainability Report 2023 filetype:pdf site:investor.scholastic.com,0.0,9
Scholastic Corp. Sustainability Report 2023 filetype:pdf site:investor.scholastic.com,0.0,10
Scholastic Corp. Sustainability Report 2023 filetype:pdf site:scholastic.com,0.0,1
Scholastic Corp. Sustainability Report 2023 filetype:pdf site:scholastic.com,0.0,2
Scholastic Corp. Sustainability Report 2023 filetype:pdf site:scholastic.com,0.0,3
Scholastic Corp. Sustainability Report 2023 filetype:pdf site:scholastic.com,0.0,4
Scholastic Corp. Sustainability Report 2023 filetype:pdf site:scholastic.com,0.0,5
Scholastic Corp. Sustainability Report 2023 filetype:pdf site:scholastic.com,0.0,6
Scholastic Corp. Sustainability Report 2023 filetype:pdf site:scholastic.com,0.0,7
Scholastic Corp. Sustainability Report 2023 filetype:pdf site:scholastic.com,0.0,8
Scholastic Corp. Sustainability Report 2023 filetype:pdf site:scholastic.com,0.0,9
Scholastic Corp. Sustainability Report 2023 filetype:pdf site:scholastic.com,0.0,10
Scor SE Sustainability Report 2023 filetype:pdf site:scor.com,0.0,1
Scor SE Sustainability Report 2023 filetype:pdf site:scor.com,0.0,2
Scor SE Sustainability Report 2023 filetype:pdf site:scor.com,0.0,3
Scor SE Sustainability Report 2023 filetype:pdf site:scor.com,0.0,4
Scor SE Sustainability Report 2023 filetype:pdf site:scor.com,0.0,5
Scor SE Sustainability Report 2023 filetype:pdf site:scor.com,0.0,6
Scor SE Sustainability Report 2023 filetype:pdf site:scor.com,0.0,7
Scor SE Sustainability Report 2023 filetype:pdf site:scor.com,0.0,8
Scor SE Sustainability Report 2023 filetype:pdf site:scor.com,0.0,9
Scor SE Sustainability Report 2023 filetype:pdf site:scor.com,0.0,10
Semtech Corp. Sustainability Report 2023 filetype:pdf site:investors.semtech.com,0.0,1
Semtech Corp. Sustainability Report 2023 filetype:pdf site:investors.semtech.com,0.0,2
Semtech Corp. Sustainability Report 2023 filetype:pdf site:investors.semtech.com,0.0,3
Semtech Corp. Sustainability Report 2023 filetype:pdf site:investors.semtech.com,0.0,4
Semtech Corp. Sustainability Report 2023 filetype:pdf site:investors.semtech.com,0.0,5
Semtech Corp. Sustainability Report 2023 filetype:pdf site:investors.semtech.com,0.0,6
Semtech Corp. Sustainability Report 2023 filetype:pdf site:investors.semtech.com,0.0,7
Semtech Corp. Sustainability Report 2023 filetype:pdf site:investors.semtech.com,0.0,8
Semtech Corp. Sustainability Report 2023 filetype:pdf site:investors.semtech.com,0.0,9
Semtech Corp. Sustainability Report 2023 filetype:pdf site:investors.semtech.com,0.0,10
Semtech Corp. Sustainability Report 2023 filetype:pdf site:semtech.com,1.0,1
Semtech Corp. Sustainability Report 2023 filetype:pdf site:semtech.com,0.0,2
Semtech Corp. Sustainability Report 2023 filetype:pdf site:semtech.com,0.0,3
Semtech Corp. Sustainability Report 2023 filetype:pdf site:semtech.com,0.0,4
Semtech Corp. Sustainability Report 2023 filetype:pdf site:semtech.com,0.0,5
Semtech Corp. Sustainability Report 2023 filetype:pdf site:semtech.com,0.0,6
Semtech Corp. Sustainability Report 2023 filetype:pdf site:semtech.com,0.0,7
Semtech Corp. Sustainability Report 2023 filetype:pdf site:semtech.com,0.0,8
Semtech Corp. Sustainability Report 2023 filetype:pdf site:semtech.com,0.0,9
Semtech Corp. Sustainability Report 2023 filetype:pdf site:semtech.com,0.0,10
Skyline Champion Corp. Sustainability Report 2023 filetype:pdf site:cloudfront.net,0.0,1
Skyline Champion Corp. Sustainability Report 2023 filetype:pdf site:cloudfront.net,0.0,2
Skyline Champion Corp. Sustainability Report 2023 filetype:pdf site:cloudfront.net,0.0,3
Skyline Champion Corp. Sustainability Report 2023 filetype:pdf site:cloudfront.net,0.0,4
Skyline Champion Corp. Sustainability Report 2023 filetype:pdf site:cloudfront.net,0.0,5
Skyline Champion Corp. Sustainability Report 2023 filetype:pdf site:cloudfront.net,0.0,6
Skyline Champion Corp. Sustainability Report 2023 filetype:pdf site:cloudfront.net,0.0,7
Skyline Champion Corp. Sustainability Report 2023 filetype:pdf site:cloudfront.net,0.0,8
Skyline Champion Corp. Sustainability Report 2023 filetype:pdf site:cloudfront.net,0.0,9
Skyline Champion Corp. Sustainability Report 2023 filetype:pdf site:cloudfront.net,0.0,10
Skyline Champion Corp. Sustainability Report 2023 filetype:pdf site:q4cdn.com,1.0,1
Skyline Champion Corp. Sustainability Report 2023 filetype:pdf site:q4cdn.com,0.0,2
Skyline Champion Corp. Sustainability Report 2023 filetype:pdf site:q4cdn.com,0.0,3
Skyline Champion Corp. Sustainability Report 2023 filetype:pdf site:q4cdn.com,0.0,4
Skyline Champion Corp. Sustainability Report 2023 filetype:pdf site:q4cdn.com,0.0,5
Skyline Champion Corp. Sustainability Report 2023 filetype:pdf site:q4cdn.com,0.0,6
Skyline Champion Corp. Sustainability Report 2023 filetype:pdf site:q4cdn.com,0.0,7
Skyline Champion Corp. Sustainability Report 2023 filetype:pdf site:q4cdn.com,0.0,8
Skyline Champion Corp. Sustainability Report 2023 filetype:pdf site:q4cdn.com,0.0,9
Skyline Champion Corp. Sustainability Report 2023 filetype:pdf site:q4cdn.com,0.0,10
"Snap-On, Inc. Sustainability Report 2023 filetype:pdf site:snapon.com",0.0,1
"Snap-On, Inc. Sustainability Report 2023 filetype:pdf site:snapon.com",0.0,2
"Snap-On, Inc. Sustainability Report 2023 filetype:pdf site:snapon.com",0.0,3
"Snap-On, Inc. Sustainability Report 2023 filetype:pdf site:snapon.com",0.0,4
"Snap-On, Inc. Sustainability Report 2023 filetype:pdf site:snapon.com",0.0,5
"Snap-On, Inc. Sustainability Report 2023 filetype:pdf site:snapon.com",0.0,6
"Snap-On, Inc. Sustainability Report 2023 filetype:pdf site:snapon.com",0.0,7
"Snap-On, Inc. Sustainability Report 2023 filetype:pdf site:snapon.com",0.0,8
"Snap-On, Inc. Sustainability Report 2023 filetype:pdf site:snapon.com",0.0,9
"Snap-On, Inc. Sustainability Report 2023 filetype:pdf site:snapon.com",0.0,10
Standex International Corp. Sustainability Report 2023 filetype:pdf site:ir.standex.com,0.0,1
Standex International Corp. Sustainability Report 2023 filetype:pdf site:ir.standex.com,0.0,2
Standex International Corp. Sustainability Report 2023 filetype:pdf site:ir.standex.com,0.0,3
Standex International Corp. Sustainability Report 2023 filetype:pdf site:ir.standex.com,0.0,4
Standex International Corp. Sustainability Report 2023 filetype:pdf site:ir.standex.com,0.0,5
Standex International Corp. Sustainability Report 2023 filetype:pdf site:ir.standex.com,0.0,6
Standex International Corp. Sustainability Report 2023 filetype:pdf site:ir.standex.com,0.0,7
Standex International Corp. Sustainability Report 2023 filetype:pdf site:ir.standex.com,0.0,8
Standex International Corp. Sustainability Report 2023 filetype:pdf site:ir.standex.com,0.0,9
Standex International Corp. Sustainability Report 2023 filetype:pdf site:ir.standex.com,0.0,10
Standex International Corp. Sustainability Report 2023 filetype:pdf site:standex.com,0.0,1
Standex International Corp. Sustainability Report 2023 filetype:pdf site:standex.com,0.0,2
Standex International Corp. Sustainability Report 2023 filetype:pdf site:standex.com,0.0,3
Standex International Corp. Sustainability Report 2023 filetype:pdf site:standex.com,0.0,4
Standex International Corp. Sustainability Report 2023 filetype:pdf site:standex.com,0.0,5
Standex International Corp. Sustainability Report 2023 filetype:pdf site:standex.com,0.0,6
Standex International Corp. Sustainability Report 2023 filetype:pdf site:standex.com,0.0,7
Standex International Corp. Sustainability Report 2023 filetype:pdf site:standex.com,0.0,8
Standex International Corp. Sustainability Report 2023 filetype:pdf site:standex.com,0.0,9
Standex International Corp. Sustainability Report 2023 filetype:pdf site:standex.com,0.0,10
Starbucks Corp. Sustainability Report 2023 filetype:pdf site:cloudfront.net,0.0,1
Starbucks Corp. Sustainability Report 2023 filetype:pdf site:cloudfront.net,0.0,2
Starbucks Corp. Sustainability Report 2023 filetype:pdf site:cloudfront.net,0.0,3
Starbucks Corp. Sustainability Report 2023 filetype:pdf site:cloudfront.net,0.0,4
Starbucks Corp. Sustainability Report 2023 filetype:pdf site:cloudfront.net,0.0,5
Starbucks Corp. Sustainability Report 2023 filetype:pdf site:cloudfront.net,0.0,6
Starbucks Corp. Sustainability Report 2023 filetype:pdf site:cloudfront.net,0.0,7
Starbucks Corp. Sustainability Report 2023 filetype:pdf site:cloudfront.net,0.0,8
Starbucks Corp. Sustainability Report 2023 filetype:pdf site:cloudfront.net,0.0,9
Starbucks Corp. Sustainability Report 2023 filetype:pdf site:cloudfront.net,0.0,10
Starbucks Corp. Sustainability Report 2023 filetype:pdf site:content-prod-live.cert.starbucks.com,0.0,1
Starbucks Corp. Sustainability Report 2023 filetype:pdf site:content-prod-live.cert.starbucks.com,0.0,2
Starbucks Corp. Sustainability Report 2023 filetype:pdf site:content-prod-live.cert.starbucks.com,0.0,3
Starbucks Corp. Sustainability Report 2023 filetype:pdf site:content-prod-live.cert.starbucks.com,0.0,4
Starbucks Corp. Sustainability Report 2023 filetype:pdf site:content-prod-live.cert.starbucks.com,0.0,5
Starbucks Corp. Sustainability Report 2023 filetype:pdf site:content-prod-live.cert.starbucks.com,0.0,6
Starbucks Corp. Sustainability Report 2023 filetype:pdf site:content-prod-live.cert.starbucks.com,0.0,7
Starbucks Corp. Sustainability Report 2023 filetype:pdf site:content-prod-live.cert.starbucks.com,0.0,8
Starbucks Corp. Sustainability Report 2023 filetype:pdf site:content-prod-live.cert.starbucks.com,1.0,9
Starbucks Corp. Sustainability Report 2023 filetype:pdf site:content-prod-live.cert.starbucks.com,0.0,10
Starbucks Corp. Sustainability Report 2023 filetype:pdf site:q4cdn.com,0.0,1
Starbucks Corp. Sustainability Report 2023 filetype:pdf site:q4cdn.com,0.0,2
Starbucks Corp. Sustainability Report 2023 filetype:pdf site:q4cdn.com,0.0,3
Starbucks Corp. Sustainability Report 2023 filetype:pdf site:q4cdn.com,0.0,4
Starbucks Corp. Sustainability Report 2023 filetype:pdf site:q4cdn.com,0.0,5
Starbucks Corp. Sustainability Report 2023 filetype:pdf site:q4cdn.com,0.0,6
Starbucks Corp. Sustainability Report 2023 filetype:pdf site:q4cdn.com,0.0,7
Starbucks Corp. Sustainability Report 2023 filetype:pdf site:q4cdn.com,1.0,8
Starbucks Corp. Sustainability Report 2023 filetype:pdf site:q4cdn.com,0.0,9
Starbucks Corp. Sustainability Report 2023 filetype:pdf site:q4cdn.com,0.0,10
"Steelcase, Inc. Sustainability Report 2023 filetype:pdf site:q4cdn.com",0.0,1
"Steelcase, Inc. Sustainability Report 2023 filetype:pdf site:q4cdn.com",0.0,2
"Steelcase, Inc. Sustainability Report 2023 filetype:pdf site:q4cdn.com",0.0,3
"Steelcase, Inc. Sustainability Report 2023 filetype:pdf site:q4cdn.com",0.0,4
"Steelcase, Inc. Sustainability Report 2023 filetype:pdf site:q4cdn.com",0.0,5
"Steelcase, Inc. Sustainability Report 2023 filetype:pdf site:q4cdn.com",0.0,6
"Steelcase, Inc. Sustainability Report 2023 filetype:pdf site:q4cdn.com",0.0,7
"Steelcase, Inc. Sustainability Report 2023 filetype:pdf site:q4cdn.com",0.0,8
"Steelcase, Inc. Sustainability Report 2023 filetype:pdf site:q4cdn.com",0.0,9
"Steelcase, Inc. Sustainability Report 2023 filetype:pdf site:q4cdn.com",0.0,10
"Steelcase, Inc. Sustainability Report 2023 filetype:pdf site:steelcase.com",0.0,1
"Steelcase, Inc. Sustainability Report 2023 filetype:pdf site:steelcase.com",0.0,2
"Steelcase, Inc. Sustainability Report 2023 filetype:pdf site:steelcase.com",0.0,3
"Steelcase, Inc. Sustainability Report 2023 filetype:pdf site:steelcase.com",0.0,4
"Steelcase, Inc. Sustainability Report 2023 filetype:pdf site:steelcase.com",0.0,5
"Steelcase, Inc. Sustainability Report 2023 filetype:pdf site:steelcase.com",0.0,6
"Steelcase, Inc. Sustainability Report 2023 filetype:pdf site:steelcase.com",0.0,7
"Steelcase, Inc. Sustainability Report 2023 filetype:pdf site:steelcase.com",0.0,8
"Steelcase, Inc. Sustainability Report 2023 filetype:pdf site:steelcase.com",1.0,9
"Steelcase, Inc. Sustainability Report 2023 filetype:pdf site:steelcase.com",1.0,10
Target Corp. Sustainability Report 2023 filetype:pdf site:corporate.target.com,1.0,1
Target Corp. Sustainability Report 2023 filetype:pdf site:corporate.target.com,0.0,2
Target Corp. Sustainability Report 2023 filetype:pdf site:corporate.target.com,0.0,3
Target Corp. Sustainability Report 2023 filetype:pdf site:corporate.target.com,0.0,4
Target Corp. Sustainability Report 2023 filetype:pdf site:corporate.target.com,0.0,5
Target Corp. Sustainability Report 2023 filetype:pdf site:corporate.target.com,1.0,6
Target Corp. Sustainability Report 2023 filetype:pdf site:corporate.target.com,0.0,7
Target Corp. Sustainability Report 2023 filetype:pdf site:corporate.target.com,0.0,8
Target Corp. Sustainability Report 2023 filetype:pdf site:corporate.target.com,0.0,9
Target Corp. Sustainability Report 2023 filetype:pdf site:corporate.target.com,0.0,10
"Triumph Group, Inc. Sustainability Report 2023 filetype:pdf site:cloudfront.net",0.0,1
"Triumph Group, Inc. Sustainability Report 2023 filetype:pdf site:cloudfront.net",0.0,2
"Triumph Group, Inc. Sustainability Report 2023 filetype:pdf site:cloudfront.net",0.0,3
"Triumph Group, Inc. Sustainability Report 2023 filetype:pdf site:cloudfront.net",0.0,4
"Triumph Group, Inc. Sustainability Report 2023 filetype:pdf site:cloudfront.net",0.0,5
"Triumph Group, Inc. Sustainability Report 2023 filetype:pdf site:cloudfront.net",0.0,6
"Triumph Group, Inc. Sustainability Report 2023 filetype:pdf site:cloudfront.net",0.0,7
"Triumph Group, Inc. Sustainability Report 2023 filetype:pdf site:cloudfront.net",0.0,8
"Triumph Group, Inc. Sustainability Report 2023 filetype:pdf site:cloudfront.net",0.0,9
"Triumph Group, Inc. Sustainability Report 2023 filetype:pdf site:cloudfront.net",0.0,10
"Triumph Group, Inc. Sustainability Report 2023 filetype:pdf site:q4cdn.com",0.0,1
"Triumph Group, Inc. Sustainability Report 2023 filetype:pdf site:q4cdn.com",0.0,2
"Triumph Group, Inc. Sustainability Report 2023 filetype:pdf site:q4cdn.com",0.0,3
"Triumph Group, Inc. Sustainability Report 2023 filetype:pdf site:q4cdn.com",0.0,4
"Triumph Group, Inc. Sustainability Report 2023 filetype:pdf site:q4cdn.com",0.0,5
"Triumph Group, Inc. Sustainability Report 2023 filetype:pdf site:q4cdn.com",0.0,6
"Triumph Group, Inc. Sustainability Report 2023 filetype:pdf site:q4cdn.com",0.0,7
"Triumph Group, Inc. Sustainability Report 2023 filetype:pdf site:q4cdn.com",0.0,8
"Triumph Group, Inc. Sustainability Report 2023 filetype:pdf site:q4cdn.com",0.0,9
"Triumph Group, Inc. Sustainability Report 2023 filetype:pdf site:q4cdn.com",0.0,10
"Triumph Group, Inc. Sustainability Report 2023 filetype:pdf site:triumphgroup.com",1.0,1
"Triumph Group, Inc. Sustainability Report 2023 filetype:pdf site:triumphgroup.com",0.0,2
"Triumph Group, Inc. Sustainability Report 2023 filetype:pdf site:triumphgroup.com",0.0,3
"Triumph Group, Inc. Sustainability Report 2023 filetype:pdf site:triumphgroup.com",0.0,4
"Triumph Group, Inc. Sustainability Report 2023 filetype:pdf site:triumphgroup.com",0.0,5
"Triumph Group, Inc. Sustainability Report 2023 filetype:pdf site:triumphgroup.com",0.0,6
"Triumph Group, Inc. Sustainability Report 2023 filetype:pdf site:triumphgroup.com",0.0,7
"Triumph Group, Inc. Sustainability Report 2023 filetype:pdf site:triumphgroup.com",0.0,8
"Triumph Group, Inc. Sustainability Report 2023 filetype:pdf site:triumphgroup.com",0.0,9
"Triumph Group, Inc. Sustainability Report 2023 filetype:pdf site:triumphgroup.com",0.0,10
Universal Corp. Sustainability Report 2023 filetype:pdf site:cloudfront.net,0.0,1
Universal Corp. Sustainability Report 2023 filetype:pdf site:cloudfront.net,0.0,2
Universal Corp. Sustainability Report 2023 filetype:pdf site:cloudfront.net,0.0,3
Universal Corp. Sustainability Report 2023 filetype:pdf site:cloudfront.net,0.0,4
Universal Corp. Sustainability Report 2023 filetype:pdf site:cloudfront.net,0.0,5
Universal Corp. Sustainability Report 2023 filetype:pdf site:cloudfront.net,0.0,6
Universal Corp. Sustainability Report 2023 filetype:pdf site:cloudfront.net,0.0,7
Universal Corp. Sustainability Report 2023 filetype:pdf site:cloudfront.net,0.0,8
Universal Corp. Sustainability Report 2023 filetype:pdf site:cloudfront.net,0.0,9
Universal Corp. Sustainability Report 2023 filetype:pdf site:cloudfront.net,0.0,10
Universal Corp. Sustainability Report 2023 filetype:pdf site:q4cdn.com,0.0,1
Universal Corp. Sustainability Report 2023 filetype:pdf site:q4cdn.com,0.0,2
Universal Corp. Sustainability Report 2023 filetype:pdf site:q4cdn.com,0.0,3
Universal Corp. Sustainability Report 2023 filetype:pdf site:q4cdn.com,0.0,4
Universal Corp. Sustainability Report 2023 filetype:pdf site:q4cdn.com,0.0,5
Universal Corp. Sustainability Report 2023 filetype:pdf site:q4cdn.com,0.0,6
Universal Corp. Sustainability Report 2023 filetype:pdf site:q4cdn.com,0.0,7
Universal Corp. Sustainability Report 2023 filetype:pdf site:q4cdn.com,0.0,8
Universal Corp. Sustainability Report 2023 filetype:pdf site:q4cdn.com,0.0,9
Universal Corp. Sustainability Report 2023 filetype:pdf site:q4cdn.com,0.0,10
Universal Corp. Sustainability Report 2023 filetype:pdf site:universalcorp.com,1.0,1
Universal Corp. Sustainability Report 2023 filetype:pdf site:universalcorp.com,0.0,2
Universal Corp. Sustainability Report 2023 filetype:pdf site:universalcorp.com,0.0,3
Universal Corp. Sustainability Report 2023 filetype:pdf site:universalcorp.com,0.0,4
Universal Corp. Sustainability Report 2023 filetype:pdf site:universalcorp.com,0.0,5
Universal Corp. Sustainability Report 2023 filetype:pdf site:universalcorp.com,0.0,6
Universal Corp. Sustainability Report 2023 filetype:pdf site:universalcorp.com,0.0,7
Universal Corp. Sustainability Report 2023 filetype:pdf site:universalcorp.com,0.0,8
Universal Corp. Sustainability Report 2023 filetype:pdf site:universalcorp.com,0.0,9
Universal Corp. Sustainability Report 2023 filetype:pdf site:universalcorp.com,0.0,10
"Urban Outfitters, Inc. Sustainability Report 2023 filetype:pdf site:investor.urbn.com",0.0,1
"Urban Outfitters, Inc. Sustainability Report 2023 filetype:pdf site:investor.urbn.com",0.0,2
"Urban Outfitters, Inc. Sustainability Report 2023 filetype:pdf site:investor.urbn.com",0.0,3
"Urban Outfitters, Inc. Sustainability Report 2023 filetype:pdf site:investor.urbn.com",0.0,4
"Urban Outfitters, Inc. Sustainability Report 2023 filetype:pdf site:investor.urbn.com",0.0,5
"Urban Outfitters, Inc. Sustainability Report 2023 filetype:pdf site:investor.urbn.com",0.0,6
"Urban Outfitters, Inc. Sustainability Report 2023 filetype:pdf site:investor.urbn.com",0.0,7
"Urban Outfitters, Inc. Sustainability Report 2023 filetype:pdf site:investor.urbn.com",0.0,8
"Urban Outfitters, Inc. Sustainability Report 2023 filetype:pdf site:investor.urbn.com",0.0,9
"Urban Outfitters, Inc. Sustainability Report 2023 filetype:pdf site:investor.urbn.com",0.0,10
"Urban Outfitters, Inc. Sustainability Report 2023 filetype:pdf site:urbn.com",0.0,1
"Urban Outfitters, Inc. Sustainability Report 2023 filetype:pdf site:urbn.com",0.0,2
"Urban Outfitters, Inc. Sustainability Report 2023 filetype:pdf site:urbn.com",0.0,3
"Urban Outfitters, Inc. Sustainability Report 2023 filetype:pdf site:urbn.com",0.0,4
"Urban Outfitters, Inc. Sustainability Report 2023 filetype:pdf site:urbn.com",0.0,5
"Urban Outfitters, Inc. Sustainability Report 2023 filetype:pdf site:urbn.com",0.0,6
"Urban Outfitters, Inc. Sustainability Report 2023 filetype:pdf site:urbn.com",1.0,7
"Urban Outfitters, Inc. Sustainability Report 2023 filetype:pdf site:urbn.com",0.0,8
"Urban Outfitters, Inc. Sustainability Report 2023 filetype:pdf site:urbn.com",0.0,9
"Urban Outfitters, Inc. Sustainability Report 2023 filetype:pdf site:urbn.com",0.0,10
V. F. CORPORATION Sustainability Report 2023 filetype:pdf site:cloudfront.net,0.0,1
V. F. CORPORATION Sustainability Report 2023 filetype:pdf site:cloudfront.net,0.0,2
V. F. CORPORATION Sustainability Report 2023 filetype:pdf site:cloudfront.net,0.0,3
V. F. CORPORATION Sustainability Report 2023 filetype:pdf site:cloudfront.net,0.0,4
V. F. CORPORATION Sustainability Report 2023 filetype:pdf site:cloudfront.net,0.0,5
V. F. CORPORATION Sustainability Report 2023 filetype:pdf site:cloudfront.net,0.0,6
V. F. CORPORATION Sustainability Report 2023 filetype:pdf site:cloudfront.net,0.0,7
V. F. CORPORATION Sustainability Report 2023 filetype:pdf site:cloudfront.net,1.0,8
V. F. CORPORATION Sustainability Report 2023 filetype:pdf site:cloudfront.net,1.0,9
V. F. CORPORATION Sustainability Report 2023 filetype:pdf site:cloudfront.net,0.0,10
V. F. CORPORATION Sustainability Report 2023 filetype:pdf site:vfc.com,0.0,1
V. F. CORPORATION Sustainability Report 2023 filetype:pdf site:vfc.com,0.0,2
V. F. CORPORATION Sustainability Report 2023 filetype:pdf site:vfc.com,0.0,3
V. F. CORPORATION Sustainability Report 2023 filetype:pdf site:vfc.com,0.0,4
V. F. CORPORATION Sustainability Report 2023 filetype:pdf site:vfc.com,0.0,5
V. F. CORPORATION Sustainability Report 2023 filetype:pdf site:vfc.com,0.0,6
V. F. CORPORATION Sustainability Report 2023 filetype:pdf site:vfc.com,0.0,7
V. F. CORPORATION Sustainability Report 2023 filetype:pdf site:vfc.com,0.0,8
V. F. CORPORATION Sustainability Report 2023 filetype:pdf site:vfc.com,0.0,9
V. F. CORPORATION Sustainability Report 2023 filetype:pdf site:vfc.com,0.0,10
"ViaSat, Inc. Sustainability Report 2023 filetype:pdf site:investors.viasat.com",0.0,1
"ViaSat, Inc. Sustainability Report 2023 filetype:pdf site:investors.viasat.com",0.0,2
"ViaSat, Inc. Sustainability Report 2023 filetype:pdf site:investors.viasat.com",0.0,3
"ViaSat, Inc. Sustainability Report 2023 filetype:pdf site:investors.viasat.com",0.0,4
"ViaSat, Inc. Sustainability Report 2023 filetype:pdf site:investors.viasat.com",0.0,5
"ViaSat, Inc. Sustainability Report 2023 filetype:pdf site:investors.viasat.com",0.0,6
"ViaSat, Inc. Sustainability Report 2023 filetype:pdf site:investors.viasat.com",0.0,7
"ViaSat, Inc. Sustainability Report 2023 filetype:pdf site:investors.viasat.com",0.0,8
"ViaSat, Inc. Sustainability Report 2023 filetype:pdf site:investors.viasat.com",0.0,9
"ViaSat, Inc. Sustainability Report 2023 filetype:pdf site:investors.viasat.com",0.0,10
"ViaSat, Inc. Sustainability Report 2023 filetype:pdf site:viasat.com",0.0,1
"ViaSat, Inc. Sustainability Report 2023 filetype:pdf site:viasat.com",0.0,2
"ViaSat, Inc. Sustainability Report 2023 filetype:pdf site:viasat.com",0.0,3
"ViaSat, Inc. Sustainability Report 2023 filetype:pdf site:viasat.com",0.0,4
"ViaSat, Inc. Sustainability Report 2023 filetype:pdf site:viasat.com",0.0,5
"ViaSat, Inc. Sustainability Report 2023 filetype:pdf site:viasat.com",0.0,6
"ViaSat, Inc. Sustainability Report 2023 filetype:pdf site:viasat.com",0.0,7
"ViaSat, Inc. Sustainability Report 2023 filetype:pdf site:viasat.com",1.0,8
"ViaSat, Inc. Sustainability Report 2023 filetype:pdf site:viasat.com",1.0,9
"ViaSat, Inc. Sustainability Report 2023 filetype:pdf site:viasat.com",0.0,10
eGain Corp. Sustainability Report 2023 filetype:pdf site:egain.com,0.0,1
eGain Corp. Sustainability Report 2023 filetype:pdf site:egain.com,0.0,2
eGain Corp. Sustainability Report 2023 filetype:pdf site:egain.com,0.0,3
eGain Corp. Sustainability Report 2023 filetype:pdf site:egain.com,0.0,4
eGain Corp. Sustainability Report 2023 filetype:pdf site:egain.com,0.0,5
eGain Corp. Sustainability Report 2023 filetype:pdf site:egain.com,0.0,6
eGain Corp. Sustainability Report 2023 filetype:pdf site:egain.com,0.0,7
eGain Corp. Sustainability Report 2023 filetype:pdf site:egain.com,0.0,8
eGain Corp. Sustainability Report 2023 filetype:pdf site:egain.com,0.0,9
eGain Corp. Sustainability Report 2023 filetype:pdf site:egain.com,0.0,10
eGain Corp. Sustainability Report 2023 filetype:pdf site:hd.egain.com,0.0,1
eGain Corp. Sustainability Report 2023 filetype:pdf site:hd.egain.com,0.0,2
eGain Corp. Sustainability Report 2023 filetype:pdf site:hd.egain.com,0.0,3
eGain Corp. Sustainability Report 2023 filetype:pdf site:hd.egain.com,0.0,4
eGain Corp. Sustainability Report 2023 filetype:pdf site:hd.egain.com,0.0,5
eGain Corp. Sustainability Report 2023 filetype:pdf site:hd.egain.com,0.0,6
eGain Corp. Sustainability Report 2023 filetype:pdf site:hd.egain.com,0.0,7
eGain Corp. Sustainability Report 2023 filetype:pdf site:hd.egain.com,0.0,8
eGain Corp. Sustainability Report 2023 filetype:pdf site:hd.egain.com,0.0,9
eGain Corp. Sustainability Report 2023 filetype:pdf site:hd.egain.com,0.0,10
